City_ID,City,Country,Date,Lat,Lng,Max Temp,Humidity,Cloudiness,Wind Speed
0,San Pedro,PH,2021-10-18 03:10:05,14.35,121.0167,83.35,80,89,13.35
1,Lebu,CL,2021-10-18 03:10:06,-37.6167,-73.65,50.0,88,0,17.94
2,Albany,US,2021-10-18 03:09:08,42.6001,-73.9662,49.95,79,63,8.93
3,Kavaratti,IN,2021-10-18 03:10:07,10.5669,72.642,81.91,77,100,14.88
4,Ust-Kulom,RU,2021-10-18 03:10:07,61.6864,53.6902,37.56,87,65,7.29
5,Dingle,PH,2021-10-18 03:10:08,10.9995,122.6711,86.13,73,31,9.51
6,Ouadda,CF,2021-10-18 03:10:08,8.0777,22.4007,67.8,94,90,2.28
7,Ushuaia,AR,2021-10-18 03:09:42,-54.8,-68.3,47.86,66,20,11.5
8,Vaini,TO,2021-10-18 03:10:09,-21.2,-175.2,80.76,83,40,11.5
9,Tanout,NE,2021-10-18 03:10:10,14.9709,8.8879,79.88,35,34,7.83
10,Atuona,PF,2021-10-18 03:10:10,-9.8,-139.0333,78.08,77,98,18.39
11,Mataura,NZ,2021-10-18 03:10:11,-46.1927,168.8643,59.02,51,47,7.56
12,Margate,GB,2021-10-18 03:10:12,51.3813,1.3862,56.91,83,100,1.99
13,Lac Du Bonnet,CA,2021-10-18 03:10:12,50.2536,-96.0612,56.59,72,6,8.39
14,San Patricio,US,2021-10-18 03:10:13,28.017,-97.5169,71.46,61,71,6.33
15,Lang Son,VN,2021-10-18 03:10:13,21.8333,106.7333,62.29,82,100,6.08
16,Cockburn Town,TC,2021-10-18 03:10:14,21.4612,-71.1419,82.36,75,39,6.26
17,Tura,IN,2021-10-18 03:10:15,25.5198,90.2201,75.99,92,97,2.48
18,Bodden Town,KY,2021-10-18 03:10:15,19.2833,-81.25,82.92,80,20,5.75
19,Pevek,RU,2021-10-18 03:10:16,69.7008,170.3133,7.05,97,99,4.18
20,Kosh-Agach,RU,2021-10-18 03:10:16,50.0,88.6667,24.8,60,4,1.68
21,Teguldet,RU,2021-10-18 03:10:17,57.3064,88.1667,36.54,73,23,5.97
22,Port Alfred,ZA,2021-10-18 03:10:17,-33.5906,26.891,53.96,69,67,9.13
23,Isangel,VU,2021-10-18 03:10:18,-19.55,169.2667,79.2,79,100,6.4
24,Kapaa,US,2021-10-18 03:10:18,22.0752,-159.319,80.58,80,75,5.01
25,Busselton,AU,2021-10-18 03:10:19,-33.65,115.3333,72.05,69,22,14.07
26,Bethel,US,2021-10-18 03:10:19,41.3712,-73.414,54.48,85,1,0.0
27,Barrow,US,2021-10-18 03:05:38,71.2906,-156.7887,21.22,68,90,0.0
28,Mao,ES,2021-10-18 03:05:28,39.8885,4.2658,63.16,72,0,5.75
29,Hermanus,ZA,2021-10-18 03:10:20,-34.4187,19.2345,51.91,70,2,6.35
30,Puerto Ayora,EC,2021-10-18 03:10:21,-0.7393,-90.3518,69.55,94,100,10.0
31,La Palma,US,2021-10-18 03:10:21,33.8464,-118.0467,66.42,81,1,3.0
32,Oskemen,KZ,2021-10-18 03:10:22,49.9565,82.6119,30.16,100,90,0.0
33,Nanortalik,GL,2021-10-18 03:10:22,60.1432,-45.2371,33.37,96,100,2.26
34,Harper,LR,2021-10-18 03:10:23,4.375,-7.7169,77.47,89,72,8.01
35,Mopipi,BW,2021-10-18 03:10:23,-21.1833,24.8833,69.69,7,2,15.3
36,Wahpeton,US,2021-10-18 03:10:23,46.2652,-96.6059,56.12,66,1,9.22
37,Bredasdorp,ZA,2021-10-18 03:10:24,-34.5322,20.0403,47.61,72,11,4.0
38,Faya,SA,2021-10-18 03:10:24,18.3851,42.4509,57.72,25,23,4.94
39,Arraial Do Cabo,BR,2021-10-18 03:10:25,-22.9661,-42.0278,69.73,86,100,3.65
40,Kudahuvadhoo,MV,2021-10-18 03:10:26,2.6708,72.8944,82.96,72,52,14.23
41,Chuy,UY,2021-10-18 03:10:26,-33.6971,-53.4616,49.86,78,49,5.95
42,Rikitea,PF,2021-10-18 03:10:27,-23.1203,-134.9692,75.36,77,7,15.19
43,The Pas,CA,2021-10-18 03:10:27,53.8251,-101.2541,50.07,62,94,6.4
44,Oudtshoorn,ZA,2021-10-18 03:10:28,-33.5907,22.2014,44.96,81,5,1.92
45,Ketchikan,US,2021-10-18 03:10:28,55.3422,-131.6461,40.39,81,20,2.57
46,Pisco,PE,2021-10-18 03:10:29,-13.7,-76.2167,61.02,82,99,12.66
47,Grand-Santi,GF,2021-10-18 03:10:29,4.25,-54.3833,72.3,98,100,2.84
48,New Norfolk,AU,2021-10-18 03:10:30,-42.7826,147.0587,63.66,48,98,5.01
49,Auki,SB,2021-10-18 03:10:30,-8.7676,160.7034,84.72,66,33,3.8
50,Copiapo,CL,2021-10-18 03:09:27,-27.3667,-70.3333,51.49,55,0,1.59
51,Maniitsoq,GL,2021-10-18 03:10:31,65.4167,-52.9,32.31,41,1,9.91
52,Tegh,AM,2021-10-18 03:10:31,39.5579,46.4772,47.77,74,31,2.1
53,Kodiak,US,2021-10-18 03:10:32,57.79,-152.4072,41.04,97,100,32.1
54,Deputatskiy,RU,2021-10-18 03:10:32,69.3,139.9,-6.25,95,64,1.97
55,Alihe,CN,2021-10-18 03:10:33,50.5667,123.7167,33.33,34,15,6.51
56,Port Hedland,AU,2021-10-18 03:10:33,-20.3167,118.5667,86.05,45,19,14.97
57,Oneonta,US,2021-10-18 03:10:34,42.4529,-75.0638,47.82,87,30,1.01
58,Lorengau,PG,2021-10-18 03:10:34,-2.0226,147.2712,85.89,68,14,11.92
59,Luderitz,NA,2021-10-18 03:10:35,-26.6481,15.1594,61.23,39,57,13.89
60,Pangnirtung,CA,2021-10-18 03:10:35,66.1451,-65.7125,30.96,49,100,7.7
61,Itabuna,BR,2021-10-18 03:10:36,-14.7856,-39.2803,68.65,99,40,1.1
62,Husavik,IS,2021-10-18 03:10:36,66.0449,-17.3389,34.75,94,100,30.06
63,Ponta Do Sol,PT,2021-10-18 03:10:37,32.6667,-17.1,73.71,57,62,2.15
64,Faanui,PF,2021-10-18 03:10:37,-16.4833,-151.75,80.22,79,17,16.71
65,Port Elizabeth,ZA,2021-10-18 03:10:37,-33.918,25.5701,51.1,66,93,7.74
66,Palmer,US,2021-10-18 03:09:53,42.1584,-72.3287,52.99,70,45,1.01
67,Castro,BR,2021-10-18 03:10:38,-24.7911,-50.0119,55.8,98,100,8.01
68,Saskylakh,RU,2021-10-18 03:10:39,71.9167,114.0833,18.28,95,100,8.48
69,Magadan,RU,2021-10-18 03:10:39,59.5667,150.8,21.78,39,100,9.98
70,Chokurdakh,RU,2021-10-18 03:10:40,70.6333,147.9167,-5.19,100,89,2.42
71,Talnakh,RU,2021-10-18 03:10:40,69.4865,88.3972,34.14,99,100,9.6
72,Jamestown,US,2021-10-18 03:10:41,42.097,-79.2353,53.51,90,90,7.0
73,Chumikan,RU,2021-10-18 03:10:41,54.7183,135.315,28.42,43,17,15.05
74,Opuwo,NA,2021-10-18 03:10:41,-18.0607,13.84,64.22,25,59,4.05
75,Fare,PF,2021-10-18 03:10:42,-16.7,-151.0167,80.35,78,6,17.65
76,Kushima,JP,2021-10-18 03:10:42,31.4583,131.2333,69.12,53,100,9.08
77,Vao,NC,2021-10-18 03:10:43,-22.6667,167.4833,73.72,87,100,11.25
78,Yellowknife,CA,2021-10-18 03:10:43,62.456,-114.3525,34.41,100,40,6.91
79,Nikolskoye,RU,2021-10-18 03:10:44,59.7035,30.7861,39.87,81,46,10.63
80,Arua,UG,2021-10-18 03:10:44,3.0201,30.9111,62.49,90,87,2.06
81,Qaanaaq,GL,2021-10-18 03:10:44,77.484,-69.3632,23.58,70,100,12.06
82,Carutapera,BR,2021-10-18 03:10:45,-1.195,-46.02,77.74,85,60,5.01
83,Yulara,AU,2021-10-18 03:10:45,-25.2406,130.9889,97.16,11,7,7.07
84,Broome,US,2021-10-18 03:10:46,42.2506,-75.833,50.05,70,90,1.99
85,Bluff,NZ,2021-10-18 03:10:47,-46.6,168.3333,53.13,65,6,16.31
86,Inhambane,MZ,2021-10-18 03:10:47,-23.865,35.3833,73.27,88,11,5.19
87,Katsuura,JP,2021-10-18 03:10:47,35.1333,140.3,60.91,59,86,19.3
88,Puerto Escondido,MX,2021-10-18 03:10:48,15.85,-97.0667,76.03,78,90,10.36
89,Chipinge,ZW,2021-10-18 03:10:48,-20.1883,32.6236,61.66,84,96,4.72
90,Severo-Kurilsk,RU,2021-10-18 03:10:49,50.6789,156.125,41.07,84,77,44.02
91,Airai,TL,2021-10-18 03:10:49,-8.9266,125.4092,79.79,45,33,1.01
92,Hilo,US,2021-10-18 03:08:02,19.7297,-155.09,79.29,91,90,9.22
93,Whitehorse,CA,2021-10-18 03:09:25,60.7161,-135.0538,30.02,63,100,5.01
94,Pauini,BR,2021-10-18 03:10:50,-7.7136,-66.9764,72.0,94,72,0.49
95,Verkh-Usugli,RU,2021-10-18 03:10:51,52.7,115.1667,33.06,42,0,3.02
96,Kishi,NG,2021-10-18 03:10:51,9.0833,3.85,72.61,92,100,4.07
97,Ternate,ID,2021-10-18 03:10:52,0.8,127.4,87.22,64,7,3.31
98,East London,ZA,2021-10-18 03:10:52,-33.0153,27.9116,54.43,66,40,10.31
99,Lagoa,PT,2021-10-18 03:10:53,39.05,-27.9833,69.01,84,1,17.63
100,Fukue,JP,2021-10-18 03:10:53,32.6881,128.8419,66.25,57,97,12.39
101,Carnarvon,AU,2021-10-18 03:10:54,-24.8667,113.6333,71.2,53,8,9.06
102,Teahupoo,PF,2021-10-18 03:10:54,-17.8333,-149.2667,78.53,76,65,20.22
103,Vostok,RU,2021-10-18 03:10:54,46.4856,135.8833,33.6,40,47,7.25
104,Tilichiki,RU,2021-10-18 03:10:55,60.4667,166.1,26.83,94,100,22.59
105,Longyearbyen,SJ,2021-10-18 03:10:56,78.2186,15.6401,11.75,88,24,2.04
106,Tuktoyaktuk,CA,2021-10-18 03:10:56,69.4541,-133.0374,26.22,81,56,9.91
107,Kailua,US,2021-10-18 03:06:18,21.4022,-157.7394,82.38,70,20,12.66
108,Meulaboh,ID,2021-10-18 03:10:57,4.1363,96.1285,80.33,76,99,4.0
109,Khatanga,RU,2021-10-18 03:09:36,71.9667,102.5,32.83,99,100,11.23
110,Saint-Philippe,RE,2021-10-18 03:10:58,-21.3585,55.7679,73.22,79,49,14.09
111,Victoria,HK,2021-10-18 03:10:59,22.2855,114.1577,77.25,69,81,3.0
112,Clyde River,CA,2021-10-18 03:10:59,70.4692,-68.5914,28.98,80,100,14.88
113,La Cruz,MX,2021-10-18 03:11:00,23.9167,-106.9,77.79,82,4,4.9
114,Norman Wells,CA,2021-10-18 03:11:00,65.282,-126.8329,28.44,86,90,0.0
115,Hella,NO,2021-10-18 03:11:01,67.2,14.4333,41.14,65,40,11.5
116,Punta Arenas,CL,2021-10-18 03:06:22,-53.15,-70.9167,48.31,76,0,28.77
117,Santa Rosa,PH,2021-10-18 03:11:01,14.3122,121.1114,84.11,79,91,13.87
118,Fergus Falls,US,2021-10-18 03:11:02,46.283,-96.0776,55.38,68,1,9.22
119,Brae,GB,2021-10-18 03:11:03,60.3964,-1.353,49.91,73,100,17.38
120,Butaritari,KI,2021-10-18 03:11:04,3.0707,172.7902,81.75,71,24,10.6
121,Santa Rosa Del Sur,CO,2021-10-18 03:11:04,7.9644,-74.0544,68.09,96,99,3.11
122,Nemuro,JP,2021-10-18 03:11:05,43.3236,145.575,47.43,51,1,7.67
123,Menomonie,US,2021-10-18 03:11:05,44.8755,-91.9193,47.89,75,0,0.0
124,Cape Town,ZA,2021-10-18 03:09:15,-33.9258,18.4232,52.27,71,0,3.0
125,Mahebourg,MU,2021-10-18 03:11:06,-20.4081,57.7,75.25,73,40,14.97
126,Ostrovnoy,RU,2021-10-18 03:11:06,68.0531,39.5131,37.89,83,100,5.21
127,Berlevag,NO,2021-10-18 03:11:07,70.8578,29.0864,35.6,81,100,30.44
128,Khani,GE,2021-10-18 03:11:07,41.9563,42.9566,49.57,98,100,1.95
129,Koppang,NO,2021-10-18 03:11:08,61.5706,11.0555,30.83,66,1,3.47
130,Ambulu,ID,2021-10-18 03:11:08,-8.345,113.6058,90.72,53,7,4.72
131,Port Hardy,CA,2021-10-18 03:11:09,50.6996,-127.4199,45.25,82,7,7.47
132,Baiyin,CN,2021-10-18 03:11:10,36.5583,104.2081,50.09,39,9,5.55
133,Chapais,CA,2021-10-18 03:11:10,49.7834,-74.8492,38.98,92,100,6.53
134,Avarua,CK,2021-10-18 03:11:11,-21.2078,-159.775,75.25,83,90,4.61
135,Hobart,AU,2021-10-18 03:11:11,-42.8794,147.3294,64.02,67,75,1.01
136,Mount Gambier,AU,2021-10-18 03:11:12,-37.8333,140.7667,60.66,55,19,10.0
137,Tucuman,AR,2021-10-18 03:08:15,-26.8241,-65.2226,69.84,37,98,2.89
138,Manuk Mangkaw,PH,2021-10-18 03:11:12,4.8,119.85,83.64,72,59,4.76
139,Satipo,PE,2021-10-18 03:11:13,-11.2522,-74.6386,70.68,91,84,0.36
140,Yasothon,TH,2021-10-18 03:11:14,15.75,104.1333,73.0,91,100,8.68
141,Ribeira Grande,PT,2021-10-18 03:11:14,38.5167,-28.7,70.29,80,18,14.92
142,Bud,US,2021-10-18 03:11:15,39.447,-86.1758,52.21,82,33,5.91
143,Walla Walla,US,2021-10-18 03:07:45,46.0646,-118.343,60.53,70,1,4.0
144,Kanye,BW,2021-10-18 03:11:16,-24.9667,25.3327,51.04,16,81,9.19
145,Bitung,ID,2021-10-18 03:11:16,1.4451,125.1824,90.45,68,43,6.2
146,Ganzhou,CN,2021-10-18 03:11:17,28.8184,115.4327,54.77,77,98,0.74
147,Wajima,JP,2021-10-18 03:11:18,37.4,136.9,58.06,60,76,10.13
148,Acarau,BR,2021-10-18 03:11:19,-2.8856,-40.12,79.75,84,38,16.44
149,Gat,IL,2021-10-18 03:11:19,31.61,34.7642,68.68,78,75,2.06
150,Vila,PT,2021-10-18 03:11:20,42.0304,-8.1588,58.08,94,100,3.87
151,Hami,CN,2021-10-18 03:11:20,42.8,93.45,56.7,19,0,9.4
152,Labrea,BR,2021-10-18 03:11:21,-7.2586,-64.7981,73.65,94,90,2.44
153,Kimbe,PG,2021-10-18 03:11:21,-5.5502,150.1429,85.59,73,65,4.45
154,Cherskiy,RU,2021-10-18 03:11:22,68.75,161.3,-5.98,100,91,0.74
155,Yerbogachen,RU,2021-10-18 03:11:22,61.2767,108.0108,32.41,83,100,12.01
156,Mar Del Plata,AR,2021-10-18 03:07:38,-38.0023,-57.5575,52.88,7,0,11.01
157,Zheleznodorozhnyy,RU,2021-10-18 03:11:23,55.7503,38.0042,43.21,78,100,8.86
158,Gwadar,PK,2021-10-18 03:11:23,25.1216,62.3254,79.9,44,0,2.91
159,Ilulissat,GL,2021-10-18 03:11:24,69.2167,-51.1,17.62,29,1,34.52
160,Arlit,NE,2021-10-18 03:11:25,18.7369,7.3853,85.01,28,92,6.02
161,Okrika,NG,2021-10-18 03:11:25,4.7416,7.0849,75.24,92,99,2.71
162,Provideniya,RU,2021-10-18 03:11:26,64.3833,-173.3,26.71,59,90,4.47
163,Ishigaki,JP,2021-10-18 03:11:26,24.3448,124.1572,76.71,66,89,18.23
164,Codrington,AU,2021-10-18 03:11:27,-38.2667,141.9667,58.64,68,91,15.43
165,Jatai,BR,2021-10-18 03:11:27,-17.8814,-51.7144,72.16,85,52,2.04
166,Rock Sound,BS,2021-10-18 03:09:45,24.9,-76.2,81.03,70,8,9.69
167,Itarema,BR,2021-10-18 03:11:28,-2.9248,-39.9167,79.68,83,42,16.37
168,Jinchang,CN,2021-10-18 03:11:28,38.4953,102.1739,51.4,24,42,3.2
169,Peno,RU,2021-10-18 03:11:29,56.9262,32.7426,37.31,89,87,7.09
170,Sao Filipe,CV,2021-10-18 03:11:29,14.8961,-24.4956,78.53,75,0,9.28
171,Kamskiye Polyany,RU,2021-10-18 03:11:30,55.4307,51.4171,47.21,87,100,8.08
172,Touros,BR,2021-10-18 03:11:30,-5.1989,-35.4608,76.1,79,39,12.03
173,Roma,US,2021-10-18 03:07:55,43.2128,-75.4557,49.39,93,75,0.0
174,Herat,AF,2021-10-18 03:11:31,34.5,62.0,50.52,18,0,2.53
175,Leh,IN,2021-10-18 03:11:32,34.1667,77.5833,42.08,70,100,2.46
176,Muroto,JP,2021-10-18 03:11:32,33.2833,134.15,65.28,55,88,8.75
177,Sioux Lookout,CA,2021-10-18 03:11:33,50.1001,-91.917,43.47,71,1,3.87
178,Lawrenceburg,US,2021-10-18 03:11:33,38.0373,-84.8966,54.07,88,1,0.0
179,Esperance,AU,2021-10-18 03:11:07,-33.8667,121.9,69.42,64,0,10.47
180,Upernavik,GL,2021-10-18 03:11:34,72.7868,-56.1549,22.55,50,41,5.1
181,Mitsamiouli,KM,2021-10-18 03:11:34,-11.3847,43.2844,77.23,77,32,14.85
182,Ilhabela,BR,2021-10-18 03:11:35,-23.7781,-45.3581,68.05,94,100,6.38
183,Bengkulu,ID,2021-10-18 03:11:35,-3.8004,102.2655,75.74,92,100,4.92
184,Nokaneng,BW,2021-10-18 03:11:36,-19.6667,22.2667,69.03,8,34,11.88
185,Dzheguta,RU,2021-10-18 03:11:36,43.9671,42.0426,51.03,95,100,2.59
186,Tasiilaq,GL,2021-10-18 03:11:36,65.6145,-37.6368,26.76,43,70,15.19
187,Churapcha,RU,2021-10-18 03:11:37,62.0025,132.4325,16.5,74,99,7.0
188,Carmen,MX,2021-10-18 03:10:12,18.6333,-91.8333,84.24,70,75,11.5
189,Daru,PG,2021-10-18 03:11:37,-9.0763,143.2092,86.94,65,49,8.34
190,Gizo,SB,2021-10-18 03:11:38,-8.103,156.8419,85.39,65,100,1.92
191,Basco,PH,2021-10-18 03:11:39,20.4487,121.9702,80.53,76,95,26.08
192,Las Vigas,MX,2021-10-18 03:11:39,19.6333,-97.0833,47.44,98,100,3.62
193,Walvis Bay,NA,2021-10-18 03:11:40,-22.9575,14.5053,54.09,88,0,6.13
194,Mackay,AU,2021-10-18 03:11:40,-21.15,149.2,86.04,74,11,18.07
195,Cabo San Lucas,MX,2021-10-18 03:09:58,22.8909,-109.9124,81.7,80,5,11.77
196,Salalah,OM,2021-10-18 03:11:41,17.0151,54.0924,75.29,73,0,2.3
197,Muros,ES,2021-10-18 03:11:41,42.7762,-9.0603,68.99,95,100,9.84
198,Atar,MR,2021-10-18 03:11:42,20.5169,-13.0499,85.64,11,100,3.04
199,Kruisfontein,ZA,2021-10-18 03:11:42,-34.0033,24.7314,48.88,81,87,6.46
200,Vila Velha,BR,2021-10-18 03:11:43,-20.3297,-40.2925,73.35,78,90,4.61
201,Bathsheba,BB,2021-10-18 03:11:43,13.2167,-59.5167,81.21,83,40,8.05
202,Bereda,ES,2021-10-18 03:11:44,43.2686,-7.5406,67.41,79,100,4.27
203,Lidkoping,SE,2021-10-18 03:10:28,58.5052,13.1577,30.54,67,49,2.01
204,Nelson Bay,AU,2021-10-18 03:11:44,-32.7167,152.15,80.78,56,100,3.0
205,Kaitangata,NZ,2021-10-18 03:11:45,-46.2817,169.8464,57.07,56,83,6.51
206,Charters Towers,AU,2021-10-18 03:11:46,-20.1,146.2667,95.67,18,8,2.75
207,Tongliao,CN,2021-10-18 03:11:46,43.6125,122.2653,45.41,48,94,14.63
208,Thompson,CA,2021-10-18 03:08:19,55.7435,-97.8558,40.6,79,70,6.24
209,Olafsvik,IS,2021-10-18 03:11:47,64.8945,-23.7142,36.95,94,100,25.43
210,Muravlenko,RU,2021-10-18 03:11:47,63.7898,74.523,39.27,86,100,17.72
211,Makakilo City,US,2021-10-18 03:11:48,21.3469,-158.0858,80.92,61,1,12.66
212,Richards Bay,ZA,2021-10-18 03:11:48,-28.783,32.0377,59.77,84,100,14.7
213,Necochea,AR,2021-10-18 03:11:49,-38.5473,-58.7368,41.04,82,0,4.38
214,Mardin,TR,2021-10-18 03:11:49,37.3131,40.7436,49.26,82,0,2.3
215,Badarwas,IN,2021-10-18 03:11:50,24.9667,77.5667,70.72,95,100,10.38
216,Bara,NG,2021-10-18 03:11:50,10.3744,10.7288,75.42,80,63,2.84
217,Havelock,US,2021-10-18 03:11:51,34.8791,-76.9013,60.75,80,0,5.97
218,Agde,FR,2021-10-18 03:11:52,43.3108,3.4758,54.45,93,90,1.99
219,Ocos,GT,2021-10-18 03:11:52,14.5094,-92.1933,80.31,76,96,4.47
220,El Dorado,US,2021-10-18 03:11:52,38.7666,-120.5177,54.18,66,80,1.01
221,Palu,ID,2021-10-18 03:11:53,-0.8917,119.8707,91.06,56,48,3.4
222,Hay River,CA,2021-10-18 03:11:54,60.8156,-115.7999,31.3,77,26,8.12
223,Petropavlovsk-Kamchatskiy,RU,2021-10-18 03:11:54,53.0452,158.6483,36.19,100,90,8.95
224,Kamenka,RU,2021-10-18 03:11:55,51.3223,42.7678,46.72,74,99,5.7
225,Georgetown,MY,2021-10-18 03:11:55,5.4112,100.3354,86.9,72,99,0.0
226,Saldanha,ZA,2021-10-18 03:11:56,-33.0117,17.9442,55.02,72,0,14.58
227,Vaitape,PF,2021-10-18 03:11:56,-16.5167,-151.75,80.24,79,18,16.67
228,Vestmannaeyjar,IS,2021-10-18 03:11:56,63.4427,-20.2734,46.58,88,100,33.96
229,Tezu,IN,2021-10-18 03:11:57,27.9167,96.1667,88.09,49,11,2.77
230,Rio Gallegos,AR,2021-10-18 03:08:03,-51.6226,-69.2181,37.45,87,0,9.22
231,Kuntaur,GM,2021-10-18 03:11:57,13.6667,-14.8833,75.15,81,100,6.67
232,Portland,US,2021-10-18 03:09:36,45.5234,-122.6762,55.36,87,90,1.01
233,Batagay,RU,2021-10-18 03:11:58,67.6333,134.6333,7.16,81,79,2.98
234,Sobolevo,RU,2021-10-18 03:11:59,54.4299,31.8996,42.62,81,98,11.45
235,Lavrentiya,RU,2021-10-18 03:12:00,65.5833,-171.0,23.05,71,40,9.22
236,Jacqueville,CI,2021-10-18 03:11:23,5.2052,-4.4146,80.51,86,67,8.28
237,Pangody,RU,2021-10-18 03:12:01,65.85,74.4859,39.85,90,100,18.43
238,Hamilton,US,2021-10-18 03:12:01,39.1834,-84.5333,54.36,80,1,0.0
239,Inyonga,TZ,2021-10-18 03:12:02,-6.7167,32.0667,72.39,54,94,3.18
240,Cidreira,BR,2021-10-18 03:12:03,-30.1811,-50.2056,60.89,83,79,12.66
241,Woodward,US,2021-10-18 03:12:03,36.4337,-99.3904,58.23,45,1,14.97
242,Flinders,AU,2021-10-18 03:12:04,-34.5833,150.8552,80.2,49,0,5.01
243,Soller,ES,2021-10-18 03:09:39,39.7662,2.7152,61.03,90,23,1.01
244,Billings,US,2021-10-18 03:08:59,45.7833,-108.5007,58.77,46,40,10.36
245,Saint George,US,2021-10-18 03:12:05,37.1041,-113.5841,69.94,30,1,1.01
246,Riyadh,SA,2021-10-18 03:12:05,24.6877,46.7219,73.54,35,0,3.91
247,San Ramon,US,2021-10-18 03:08:21,37.7799,-121.978,56.53,86,90,1.99
248,Kodinsk,RU,2021-10-18 03:12:06,58.6881,99.1844,35.98,74,24,3.96
249,Martapura,ID,2021-10-18 03:12:06,-3.4167,114.85,82.49,78,20,6.91
250,Coahuayana,MX,2021-10-18 03:12:07,18.7333,-103.6833,78.31,87,15,1.61
251,Galle,LK,2021-10-18 03:12:07,6.0367,80.217,78.82,89,100,18.88
252,Coihaique,CL,2021-10-18 03:12:08,-45.5752,-72.0662,48.15,57,0,4.61
253,Sorong,ID,2021-10-18 03:12:08,-0.8833,131.25,83.05,79,15,4.72
254,Tuxpan,MX,2021-10-18 03:12:09,19.55,-103.4,63.9,94,5,2.28
255,Sitka,US,2021-10-18 03:12:09,57.0531,-135.33,46.29,49,90,12.66
256,Marsa Matruh,EG,2021-10-18 03:12:10,31.3525,27.2453,69.28,66,0,7.07
257,Iskateley,RU,2021-10-18 03:12:10,67.6803,53.1512,35.28,98,100,10.51
258,Mojo,ET,2021-10-18 03:12:11,8.6,39.1167,54.75,50,3,4.05
259,Yanji,CN,2021-10-18 03:12:11,42.9075,129.5078,50.05,30,97,1.7
260,Saraland,US,2021-10-18 03:12:12,30.8207,-88.0706,60.82,66,49,5.95
261,Khanpur,PK,2021-10-18 03:12:12,28.6453,70.6567,80.67,25,0,5.1
262,Taoudenni,ML,2021-10-18 03:12:12,22.6783,-3.9836,81.27,7,24,10.09
263,Vagur,FO,2021-10-18 03:12:13,61.4732,-6.8119,47.68,87,100,27.45
264,Alyangula,AU,2021-10-18 03:12:13,-13.8483,136.4192,87.57,60,74,10.96
265,Vardo,NO,2021-10-18 03:12:14,70.3705,31.1107,34.0,80,99,34.52
266,Puerto Del Rosario,ES,2021-10-18 03:12:14,28.5004,-13.8627,69.55,88,7,8.05
267,Haapiti,PF,2021-10-18 03:12:15,-17.5667,-149.8667,83.71,77,13,19.44
268,Amahai,ID,2021-10-18 03:12:16,-3.3333,128.9167,85.08,70,92,3.42
269,Yumen,CN,2021-10-18 03:12:16,40.2833,97.2,51.46,19,100,9.89
270,Klaksvik,FO,2021-10-18 03:12:17,62.2266,-6.589,49.12,81,100,27.83
271,Tiksi,RU,2021-10-18 03:12:17,71.6872,128.8694,11.53,89,99,11.68
272,Ranong,TH,2021-10-18 03:12:18,9.9658,98.6348,78.01,86,100,3.8
273,Aksha,RU,2021-10-18 03:12:18,50.2814,113.2867,35.44,52,5,8.48
274,Sechura,PE,2021-10-18 03:12:19,-5.5569,-80.8222,65.75,81,62,13.87
275,Castro Marim,PT,2021-10-18 03:12:19,37.2207,-7.4435,68.29,75,100,6.93
276,Dikson,RU,2021-10-18 03:12:20,73.5069,80.5464,30.96,99,100,6.44
277,Ewa Beach,US,2021-10-18 03:09:16,21.3156,-158.0072,82.35,61,1,18.99
278,Kavieng,PG,2021-10-18 03:12:20,-2.5744,150.7967,85.91,65,75,13.15
279,Byron Bay,AU,2021-10-18 03:12:21,-28.65,153.6167,75.15,83,98,13.42
280,Merauke,ID,2021-10-18 03:12:21,-8.4667,140.3333,86.86,68,51,11.5
281,Lere,NG,2021-10-18 03:12:22,10.387,8.5726,68.49,91,6,3.0
282,Tallahassee,US,2021-10-18 03:11:25,30.4383,-84.2807,64.63,83,1,0.0
283,Karpathos,GR,2021-10-18 03:12:23,35.507,27.2132,64.36,82,3,5.75
284,Kazerun,IR,2021-10-18 03:12:23,29.6195,51.6541,71.08,42,0,2.44
285,Caravelas,BR,2021-10-18 03:12:24,-17.7125,-39.2481,73.94,88,17,5.03
286,Iqaluit,CA,2021-10-18 03:12:24,63.7506,-68.5145,33.53,86,75,15.01
287,Tuatapere,NZ,2021-10-18 03:12:25,-46.1333,167.6833,55.04,65,71,8.43
288,Flin Flon,CA,2021-10-18 03:12:25,54.7682,-101.865,46.63,70,100,4.88
289,Vanavara,RU,2021-10-18 03:12:26,60.34,102.2797,35.94,74,98,9.1
290,Luwingu,ZM,2021-10-18 03:12:26,-10.2621,29.9271,65.89,67,82,2.28
291,Mykhaylivka,UA,2021-10-18 03:12:26,47.2724,35.2224,41.27,82,65,7.61
292,Nova Olimpia,BR,2021-10-18 03:12:27,-14.7972,-57.2881,77.2,76,95,1.63
293,Bianzhuang,CN,2021-10-18 03:12:27,34.8486,118.0447,57.0,54,83,10.76
294,Poum,NC,2021-10-18 03:12:28,-20.2333,164.0167,76.42,83,100,6.42
295,Torbay,CA,2021-10-18 03:12:28,47.6666,-52.7314,43.57,97,90,5.75
296,Nurobod,UZ,2021-10-18 03:12:29,40.9056,69.8023,43.65,30,97,0.51
297,Bendigo,AU,2021-10-18 03:12:29,-36.7667,144.2833,70.86,49,100,1.99
298,Tarko-Sale,RU,2021-10-18 03:12:30,64.9225,77.785,39.04,94,100,19.28
299,Murgab,TM,2021-10-18 03:12:30,37.4966,61.9714,42.67,52,0,4.61
300,Santa Lucia,ES,2021-10-18 03:12:31,27.9117,-15.5407,70.77,34,0,12.66
301,Alice,US,2021-10-18 03:12:31,27.7523,-98.0697,67.41,75,1,5.75
302,Hobyo,SO,2021-10-18 03:12:32,5.3505,48.5268,78.21,86,100,9.98
303,Hithadhoo,MV,2021-10-18 03:12:32,-0.6,73.0833,81.91,76,88,11.1
304,Egvekinot,RU,2021-10-18 03:12:33,66.3167,-179.1667,16.9,76,100,5.1
305,Alofi,NU,2021-10-18 03:12:33,-19.0595,-169.9187,77.45,77,23,21.5
306,Kirakira,SB,2021-10-18 03:12:34,-10.4544,161.9205,83.68,74,44,2.98
307,Saint-Ambroise,CA,2021-10-18 03:12:34,48.5501,-71.3324,48.58,91,83,6.51
308,Calbuco,CL,2021-10-18 03:11:23,-41.768,-73.1273,45.61,81,43,8.75
309,Lompoc,US,2021-10-18 03:12:35,34.6391,-120.4579,61.11,80,1,3.44
310,Juneau,US,2021-10-18 03:12:15,58.3019,-134.4197,38.21,91,90,0.0
311,Araouane,ML,2021-10-18 03:12:36,18.9048,-3.5265,80.13,14,52,12.48
312,Winneba,GH,2021-10-18 03:12:37,5.3511,-0.6231,77.31,89,61,8.46
313,Agropoli,IT,2021-10-18 03:12:37,40.3469,14.9966,57.76,74,0,4.16
314,Kang,BW,2021-10-18 03:12:37,-23.6752,22.7876,54.9,14,18,12.88
315,Ahipara,NZ,2021-10-18 03:12:38,-35.1667,173.1667,64.58,68,1,7.61
316,Venezuela,VE,2021-10-18 03:12:38,8.0,-66.0,75.96,89,56,18.81
317,Assiniboia,CA,2021-10-18 03:12:39,49.6334,-105.9845,58.93,34,0,12.03
318,Les Cayes,HT,2021-10-18 03:12:39,18.2,-73.75,78.42,83,11,4.97
319,Lipari,IT,2021-10-18 03:12:40,38.4674,14.954,62.53,67,0,4.25
320,Saint-Louis,SN,2021-10-18 03:12:40,16.3333,-15.0,82.74,60,100,10.83
321,Lata,PT,2021-10-18 03:12:41,40.1629,-8.3327,66.04,95,100,2.13
322,Labelle,US,2021-10-18 03:12:41,26.7617,-81.4384,78.03,67,80,12.37
323,Mpophomeni,ZA,2021-10-18 03:12:42,-29.5682,30.1862,44.44,96,100,2.15
324,Magole,TZ,2021-10-18 03:12:42,-6.3667,37.3667,70.03,86,86,3.8
325,Vilyuysk,RU,2021-10-18 03:12:43,63.7553,121.6247,22.82,91,100,8.88
326,Nabisar,PK,2021-10-18 03:12:43,25.0685,69.6419,81.41,22,0,8.01
327,Svetlaya,RU,2021-10-18 03:12:44,46.5389,138.3297,40.78,35,14,10.42
328,Dalby,AU,2021-10-18 03:12:45,-27.1833,151.2667,63.99,75,92,8.01
329,Camacha,PT,2021-10-18 03:12:45,33.0833,-16.3333,67.42,83,40,5.75
330,Andenes,NO,2021-10-18 03:12:46,69.3143,16.1194,35.58,80,20,21.85
331,Constantine,DZ,2021-10-18 03:12:46,36.365,6.6147,53.65,88,17,1.52
332,Svetlogorsk,BY,2021-10-18 03:12:47,52.6333,29.7333,38.41,85,100,8.88
333,Constitucion,CL,2021-10-18 03:12:47,-35.3333,-72.4167,52.63,74,0,7.67
334,Bialong,PH,2021-10-18 03:12:48,6.9806,124.8889,89.65,63,66,1.41
335,Abu Samrah,SY,2021-10-18 03:12:48,35.3029,37.1841,62.64,72,6,11.54
336,Nanakuli,US,2021-10-18 03:12:49,21.3906,-158.1547,82.35,61,1,12.66
337,Groningen,NL,2021-10-18 03:07:59,53.25,6.75,52.03,72,70,1.99
338,Namibe,AO,2021-10-18 03:12:50,-15.1961,12.1522,61.86,88,17,4.79
339,Toyooka,JP,2021-10-18 03:12:50,35.5333,134.8333,60.4,57,84,5.57
340,Chimbote,PE,2021-10-18 03:12:51,-9.0853,-78.5783,62.58,88,100,8.7
341,Porto Walter,BR,2021-10-18 03:12:51,-8.2686,-72.7439,73.38,94,100,2.15
342,Verkhoyansk,RU,2021-10-18 03:12:52,67.5447,133.385,7.27,85,77,3.76
343,Geraldton,AU,2021-10-18 03:12:52,-28.7667,114.6,73.81,38,0,14.97
344,Alappuzha,IN,2021-10-18 03:09:39,9.49,76.3264,81.34,80,100,12.82
345,Bambanglipuro,ID,2021-10-18 03:12:53,-7.95,110.2833,90.79,54,57,0.49
346,La Ronge,CA,2021-10-18 03:12:54,55.1001,-105.2842,45.07,81,14,6.69
347,Altay,CN,2021-10-18 03:12:54,47.8667,88.1167,44.64,44,2,4.41
348,Havre-Saint-Pierre,CA,2021-10-18 03:12:55,50.2334,-63.5986,46.76,93,90,23.02
349,Pangai,TO,2021-10-18 03:12:56,-19.8,-174.35,77.45,80,30,20.71
350,Port Keats,AU,2021-10-18 03:12:56,-14.25,129.55,91.22,53,99,11.07
351,Fontem,CM,2021-10-18 03:12:57,5.4685,9.8818,66.83,99,100,0.63
352,Manturovo,RU,2021-10-18 03:12:57,58.3353,44.7619,39.65,88,100,6.93
353,Monroe,US,2021-10-18 03:12:58,43.1501,-77.6831,49.96,85,40,9.22
354,Guerrero Negro,MX,2021-10-18 03:12:59,27.9769,-114.0611,68.86,74,100,12.68
355,San Rafael,AR,2021-10-18 03:11:25,-34.6177,-68.3301,57.07,32,0,0.83
356,Mayumba,GA,2021-10-18 03:12:59,-3.432,10.6554,75.92,86,100,5.7
357,Mweka,CD,2021-10-18 03:13:00,-4.85,21.5667,68.09,99,94,0.96
358,Bratsk,RU,2021-10-18 03:13:00,56.1325,101.6142,32.49,65,11,7.63
359,Leningradskiy,RU,2021-10-18 03:13:01,69.3833,178.4167,12.94,95,100,0.45
360,Ixtapa,MX,2021-10-18 03:13:02,20.7,-105.2,76.55,95,32,2.3
361,Pacific Grove,US,2021-10-18 03:13:03,36.6177,-121.9166,57.61,89,75,3.0
362,Champasak,LA,2021-10-18 03:13:03,14.75,106.0,82.42,71,100,2.19
363,Kapuskasing,CA,2021-10-18 03:13:04,49.4169,-82.4331,39.29,93,90,5.75
364,Kupang,ID,2021-10-18 03:13:04,-10.1667,123.5833,90.18,58,20,10.36
365,Swan Hill,AU,2021-10-18 03:13:05,-35.3378,143.5544,78.84,24,100,15.19
366,Kiama,AU,2021-10-18 03:13:05,-34.6833,150.8667,80.01,47,0,11.99
367,Aswan,EG,2021-10-18 03:13:05,24.0934,32.907,77.7,24,0,14.63
368,Khasan,RU,2021-10-18 03:13:06,42.4308,130.6434,52.39,48,100,11.45
369,Kathmandu,NP,2021-10-18 03:08:32,27.7167,85.3167,70.02,94,75,2.3
370,Kahului,US,2021-10-18 03:13:07,20.8947,-156.47,80.62,74,40,24.16
371,Catuday,PH,2021-10-18 03:13:07,16.2923,119.8062,84.29,66,51,7.67
372,Sebastian,US,2021-10-18 03:13:08,35.1668,-94.2669,57.07,61,24,2.84
373,Okhotsk,RU,2021-10-18 03:13:09,59.3833,143.3,19.89,57,8,22.66
374,Sinnamary,GF,2021-10-18 03:13:09,5.3833,-52.95,79.11,87,62,7.96
375,Bamnet Narong,TH,2021-10-18 03:13:10,15.4992,101.6897,69.55,92,100,13.35
376,Labuhan,ID,2021-10-18 03:13:10,-6.8844,112.2051,88.93,60,80,10.38
377,Gewane,ET,2021-10-18 03:13:11,10.1664,40.6453,80.71,29,28,2.68
378,Kumo,NG,2021-10-18 03:13:11,10.0447,11.2122,75.34,80,91,4.47
379,Chake Chake,TZ,2021-10-18 03:13:12,-5.2459,39.7666,74.03,84,18,6.87
380,Lensk,RU,2021-10-18 03:13:12,60.7253,114.9278,28.44,86,100,16.2
381,Sibut,CF,2021-10-18 03:13:13,5.718,19.0739,70.23,96,97,1.95
382,Port-Gentil,GA,2021-10-18 03:13:13,-0.7193,8.7815,77.63,84,100,12.19
383,Jalu,LY,2021-10-18 03:13:14,29.0331,21.5482,66.85,42,0,8.32
384,Csurgo,HU,2021-10-18 03:13:14,46.2531,17.1006,35.22,77,9,0.98
385,Louis Trichardt,ZA,2021-10-18 03:13:15,-23.0439,29.9032,55.81,92,99,10.83
386,Maple Creek,CA,2021-10-18 03:13:15,49.9168,-109.4848,57.96,28,9,8.99
387,Pingliang,CN,2021-10-18 03:13:16,35.5392,106.6861,56.23,35,1,11.18
388,Rochester,US,2021-10-18 03:09:35,43.1548,-77.6156,50.09,87,40,9.22
389,Marzuq,YE,2021-10-18 03:13:16,14.4,46.4667,72.07,39,80,1.43
390,Warrnambool,AU,2021-10-18 03:13:17,-38.3833,142.4833,59.81,66,98,15.05
391,Naze,JP,2021-10-18 03:13:17,28.3667,129.4833,74.03,54,100,12.01
392,Yenagoa,NG,2021-10-18 03:13:18,4.9247,6.2642,75.06,94,100,2.19
393,Namtsy,RU,2021-10-18 03:13:19,62.7161,129.6658,21.31,72,98,5.41
394,Leshukonskoye,RU,2021-10-18 03:13:19,64.8989,45.7622,35.74,97,100,9.24
395,Cochabamba,BO,2021-10-18 03:13:20,-17.3895,-66.1568,67.19,33,41,0.67
396,Soltsy,RU,2021-10-18 03:13:20,58.1239,30.3238,37.42,80,39,10.92
397,Vrede,ZA,2021-10-18 03:13:21,-27.4257,29.1659,45.64,84,54,8.34
398,Waipawa,NZ,2021-10-18 03:13:22,-41.4122,175.5153,59.63,66,1,17.65
399,Nome,US,2021-10-18 03:12:16,64.5011,-165.4064,26.67,64,1,10.36
400,Campos Belos,BR,2021-10-18 03:13:22,-13.0367,-46.7717,77.97,62,98,2.68
401,Anadyr,RU,2021-10-18 03:13:23,64.75,177.4833,27.1,86,90,17.0
402,Kieta,PG,2021-10-18 03:13:23,-6.2167,155.6333,85.33,62,85,5.37
403,Gasa,PS,2021-10-18 03:13:24,31.5,34.4667,69.78,70,90,5.68
404,Pontianak,ID,2021-10-18 03:13:24,-0.0333,109.3333,84.18,79,75,6.91
405,Pacifica,US,2021-10-18 03:13:25,37.6138,-122.4869,57.11,90,90,1.99
406,Adrar,MR,2021-10-18 03:13:25,20.5022,-10.0711,83.35,12,100,8.34
407,Benguela,AO,2021-10-18 03:13:26,-12.5763,13.4055,72.28,82,7,1.5
408,Kajaani,FI,2021-10-18 03:13:26,64.2273,27.7285,35.65,100,90,11.5
409,Luis Correia,BR,2021-10-18 03:13:27,-2.8792,-41.6669,79.93,84,77,13.65
410,Bandarbeyla,SO,2021-10-18 03:13:27,9.4942,50.8122,75.9,88,24,12.01
411,Ballina,AU,2021-10-18 03:13:28,-28.8667,153.5667,74.79,81,99,13.35
412,Daverdisse,BE,2021-10-18 03:13:29,50.0167,5.1167,44.13,90,3,5.59
413,Balkanabat,TM,2021-10-18 03:13:29,39.5108,54.3671,62.78,16,0,5.59
414,Kuryk,KZ,2021-10-18 03:13:29,43.2,51.65,57.36,31,100,11.25
415,Padang,ID,2021-10-18 03:13:30,-0.9492,100.3543,82.45,72,100,1.63
416,Barsovo,RU,2021-10-18 03:13:30,61.1667,73.1667,41.13,88,76,10.71
417,San Cristobal,VE,2021-10-18 03:13:31,7.7669,-72.225,71.78,88,100,1.34
418,Nouadhibou,MR,2021-10-18 03:13:31,20.931,-17.0347,74.48,57,0,15.14
419,Arica,CL,2021-10-18 03:13:32,-18.475,-70.3042,61.03,77,90,8.05
420,Liverpool,GB,2021-10-18 03:13:32,53.4106,-2.9779,55.69,87,100,5.01
421,Srandakan,ID,2021-10-18 03:13:33,-7.9386,110.2506,90.73,54,59,1.59
422,Moose Factory,CA,2021-10-18 03:13:33,51.2585,-80.6094,40.98,87,90,9.22
423,Berdigestyakh,RU,2021-10-18 03:13:34,62.0989,126.6992,19.72,72,92,7.4
424,Pimentel,PE,2021-10-18 03:13:34,-6.8367,-79.9342,63.57,88,92,12.62
425,Cayambe,EC,2021-10-18 03:10:02,0.05,-78.1333,47.46,89,70,1.74
426,Kerema,PG,2021-10-18 03:13:35,-7.9631,145.7785,84.25,69,96,7.74
427,Havoysund,NO,2021-10-18 03:13:36,70.9963,24.6622,32.88,75,100,25.23
428,Kuala Lipis,MY,2021-10-18 03:13:37,4.1842,102.0468,86.04,61,100,0.25
429,Sande,DE,2021-10-18 03:13:37,53.5049,8.0142,51.19,75,93,10.58
430,Paray-Le-Monial,FR,2021-10-18 03:13:38,46.4546,4.1158,42.48,99,90,2.3
431,North Bend,US,2021-10-18 03:13:39,43.4065,-124.2243,51.85,94,90,10.36
432,Ornskoldsvik,SE,2021-10-18 03:13:39,63.2909,18.7153,38.35,75,90,11.5
433,Havre,FR,2021-10-18 03:13:39,49.5833,0.3333,50.4,87,0,5.75
434,Panjab,AF,2021-10-18 03:13:40,34.388,67.0233,42.21,21,0,2.15
435,Pak Phanang,TH,2021-10-18 03:13:41,8.3511,100.202,79.59,82,100,10.89
436,Cherepovets,RU,2021-10-18 03:13:41,59.1333,37.9,30.02,100,0,4.47
437,Karlstad,SE,2021-10-18 03:13:42,59.3793,13.5036,30.76,93,29,5.75
438,Sokolo,ML,2021-10-18 03:13:42,14.7328,-6.1219,83.35,13,100,7.54
439,Tiarei,PF,2021-10-18 03:13:43,-17.5333,-149.3333,84.0,76,37,19.98
440,Dong Xoai,VN,2021-10-18 03:10:24,11.5333,106.9167,84.54,70,100,1.61
441,Brentwood,US,2021-10-18 03:13:43,40.7812,-73.2462,56.95,72,20,1.99
442,Van,TR,2021-10-18 03:13:44,38.4924,43.3831,51.15,62,75,2.3
443,Praia Da Vitoria,PT,2021-10-18 03:13:44,38.7333,-27.0667,70.75,94,100,9.46
444,Tuy Hoa,VN,2021-10-18 03:13:45,13.0833,109.3,82.27,81,100,6.89
445,Hofu,JP,2021-10-18 03:13:45,34.05,131.5667,66.07,44,33,3.6
446,San Isidro,PE,2021-10-18 03:13:46,-12.1167,-77.05,63.01,84,40,10.36
447,Vigrestad,NO,2021-10-18 03:13:46,58.5667,5.7,37.96,60,100,6.33
448,Los Llanos De Aridane,ES,2021-10-18 03:13:47,28.6585,-17.9182,67.75,88,0,5.75
449,Nichinan,JP,2021-10-18 03:13:47,31.6,131.3667,68.76,56,100,10.69
450,Vila Franca Do Campo,PT,2021-10-18 03:13:48,37.7167,-25.4333,72.01,94,100,12.68
451,Vanimo,PG,2021-10-18 03:13:48,-2.6741,141.3028,88.74,61,22,9.28
452,Luorong,CN,2021-10-18 03:13:48,24.4058,109.6086,64.69,66,87,4.94
453,Buala,SB,2021-10-18 03:13:49,-8.145,159.5921,86.18,64,57,1.77
454,Batabano,CU,2021-10-18 03:13:50,22.7164,-82.2881,72.21,83,22,7.11
455,Moussoro,TD,2021-10-18 03:13:50,13.6408,16.4901,83.7,44,97,9.1
456,Thinadhoo,MV,2021-10-18 03:13:51,0.5333,72.9333,82.58,75,87,12.01
457,Puerto Colombia,CO,2021-10-18 03:13:51,10.9878,-74.9547,77.09,78,78,3.71
458,Guymon,US,2021-10-18 03:13:52,36.6828,-101.4816,55.42,35,1,11.5
459,Matanza,CO,2021-10-18 03:13:52,7.3223,-73.0152,60.08,89,99,4.88
460,Lusambo,CD,2021-10-18 03:13:53,-4.9667,23.45,69.28,96,92,1.14
461,Arrifes,PT,2021-10-18 03:13:54,37.7667,-25.7,70.05,100,75,10.36
462,Kirkwall,GB,2021-10-18 03:13:55,58.9848,-2.9587,52.14,88,90,14.97
463,Etaples,FR,2021-10-18 03:13:55,50.5219,1.6332,57.07,93,0,5.75
464,Cayenne,GF,2021-10-18 03:11:35,4.9333,-52.3333,82.09,85,33,1.01
465,Hudson Bay,CA,2021-10-18 03:13:56,52.85,-102.3842,50.99,51,15,5.35
466,San Quintin,MX,2021-10-18 03:13:56,30.4833,-115.95,64.22,82,0,8.9
467,Malanville,BJ,2021-10-18 03:13:57,11.8685,3.3899,75.9,83,56,6.04
468,Mbalmayo,CM,2021-10-18 03:13:57,3.5167,11.5,68.04,99,100,2.8
469,Kaoma,ZM,2021-10-18 03:13:58,-14.7833,24.8,73.76,30,83,4.47
470,Akdepe,TM,2021-10-18 03:13:58,42.0551,59.3788,41.09,28,0,7.92
471,Ust-Nera,RU,2021-10-18 03:13:59,64.5667,143.2,4.26,85,77,3.24
472,Sambava,MG,2021-10-18 03:13:59,-14.2667,50.1667,72.86,87,65,10.18
473,Paoua,CF,2021-10-18 03:14:00,7.2427,16.4406,68.47,95,100,2.08
474,Kununurra,AU,2021-10-18 03:14:00,-15.7667,128.7333,98.58,30,100,11.5
475,Aklavik,CA,2021-10-18 03:14:01,68.2191,-135.0107,20.16,85,15,8.03
476,Dubrovka,RU,2021-10-18 03:14:01,53.6907,33.5071,40.98,82,99,10.8
477,Sangar,RU,2021-10-18 03:14:02,63.9242,127.4739,14.67,76,80,0.98
478,Komsomolskiy,UZ,2021-10-18 03:14:03,40.4272,71.7189,52.52,58,100,4.61
479,Pasighat,IN,2021-10-18 03:14:03,28.0667,95.3333,86.49,57,36,1.41
480,Nexo,DK,2021-10-18 03:14:04,55.0607,15.1306,41.09,75,33,6.85
481,Pendleton,US,2021-10-18 03:13:56,45.6721,-118.7886,60.91,50,20,0.0
482,Sabang,ID,2021-10-18 03:14:05,5.8933,95.3214,82.45,70,100,6.58
483,Port Augusta,AU,2021-10-18 03:14:05,-32.5,137.7667,84.7,31,12,13.11
484,Namatanai,PG,2021-10-18 03:14:06,-3.6667,152.4333,85.89,65,64,8.68
485,Golden,US,2021-10-18 03:14:06,39.7555,-105.2211,60.42,31,1,3.0
486,Nantucket,US,2021-10-18 03:14:06,41.2835,-70.0995,57.96,71,1,8.05
487,Anchorage,US,2021-10-18 03:13:30,61.2181,-149.9003,40.32,80,75,1.01
488,Lazaro Cardenas,MX,2021-10-18 03:14:07,17.9583,-102.2,79.9,84,4,3.96
489,Wajir,KE,2021-10-18 03:14:08,1.7471,40.0573,74.86,74,100,12.03
490,Kalabo,ZM,2021-10-18 03:14:08,-14.97,22.6814,72.54,43,83,2.89
491,Ust-Maya,RU,2021-10-18 03:14:09,60.4167,134.5333,19.44,61,100,7.58
492,Valparaiso,CL,2021-10-18 03:09:48,-33.0393,-71.6273,55.04,66,0,4.61
493,Kiryas Joel,US,2021-10-18 03:14:10,41.342,-74.1679,52.48,82,40,11.5
494,Cabra,ES,2021-10-18 03:14:10,37.4725,-4.4421,63.9,63,100,2.19
495,Makaha,US,2021-10-18 03:14:11,21.4694,-158.2175,82.31,69,90,9.22
496,Palma Del Rio,ES,2021-10-18 03:14:11,37.7002,-5.2812,67.06,72,96,4.41
497,Aripuana,BR,2021-10-18 03:14:12,-9.1667,-60.6333,73.87,95,100,1.16
498,Bintulu,MY,2021-10-18 03:14:12,3.1667,113.0333,84.34,71,46,2.68
499,Port Hueneme,US,2021-10-18 03:14:13,34.1478,-119.1951,65.32,81,1,3.44
500,Pimenta Bueno,BR,2021-10-18 03:14:13,-11.6725,-61.1936,74.16,93,93,1.1
501,Hualmay,PE,2021-10-18 03:14:14,-11.0964,-77.6139,63.03,86,100,9.06
502,Zdvinsk,RU,2021-10-18 03:14:14,54.7021,78.661,40.03,71,87,8.03
503,Gaspe,CA,2021-10-18 03:11:21,48.8334,-64.4819,57.42,94,75,12.66
504,San Antonio,US,2021-10-18 03:10:07,29.4241,-98.4936,63.1,60,20,8.05
505,Zhuzhou,CN,2021-10-18 03:14:15,27.8333,113.15,62.26,75,98,1.43
506,Axim,GH,2021-10-18 03:14:16,4.8699,-2.2405,77.59,85,85,6.02
507,Prince Rupert,CA,2021-10-18 03:12:47,54.3161,-130.3201,41.76,79,30,2.68
508,Mlimba,TZ,2021-10-18 03:14:17,-8.8,35.8167,71.58,81,54,5.75
509,Te Anau,NZ,2021-10-18 03:14:17,-45.4167,167.7167,61.23,54,11,4.7
510,Raisinghnagar,IN,2021-10-18 03:14:17,29.5358,73.4492,77.09,63,0,8.84
511,Businga,CD,2021-10-18 03:14:18,3.3333,20.8833,69.98,99,100,0.89
512,Ko Samui,TH,2021-10-18 03:14:18,9.5357,99.9357,78.37,81,100,6.49
513,Yar-Sale,RU,2021-10-18 03:14:19,66.8333,70.8333,38.8,95,100,17.38
514,Castanos,MX,2021-10-18 03:14:20,26.7833,-101.4167,64.35,44,5,1.43
515,Atambua,ID,2021-10-18 03:14:20,-9.1061,124.8925,87.91,54,46,5.68
516,Texarkana,US,2021-10-18 03:14:20,33.4251,-94.0477,62.82,53,1,1.99
517,Huilong,CN,2021-10-18 03:14:21,31.8111,121.655,67.03,58,100,2.84
518,Tessalit,ML,2021-10-18 03:14:22,20.1986,1.0114,79.14,15,2,9.95
519,Guanica,PR,2021-10-18 03:14:22,17.9716,-66.908,80.24,90,49,3.0
520,Mugur-Aksy,RU,2021-10-18 03:14:23,50.35,90.5,28.58,57,0,2.55
521,Mayo,US,2021-10-18 03:14:23,38.8876,-76.5119,57.31,71,40,3.44
522,Lodja,CD,2021-10-18 03:14:24,-3.4833,23.4333,68.65,99,91,1.7
523,Port Lincoln,AU,2021-10-18 03:14:24,-34.7333,135.8667,63.66,59,70,10.02
524,Haverhill,US,2021-10-18 03:10:08,42.7762,-71.0773,53.06,85,20,1.99
525,Yashan,CN,2021-10-18 03:14:25,22.1975,109.9419,66.92,74,99,8.9
526,Talakan,RU,2021-10-18 03:14:26,50.3167,130.3667,31.46,29,2,6.82
527,Pontal Do Parana,BR,2021-10-18 03:14:26,-25.6533,-48.5128,70.41,95,100,5.73
528,The Valley,AI,2021-10-18 03:14:27,18.217,-63.0578,83.1,71,15,2.04
529,Oktyabrskiy,RU,2021-10-18 03:14:27,54.4815,53.471,48.78,84,100,10.36
530,Teyateyaneng,LS,2021-10-18 03:14:28,-29.1472,27.7489,39.18,37,0,1.39
