City_ID,City,Country,Date,Lat,Lng,Max Temp,Humidity,Cloudiness,Wind Speed,Current Description
0,Kapaa,US,2021-10-24 21:56:56,22.0752,-159.319,84.18,78,42,4.0,scattered clouds
1,Victoria,HK,2021-10-24 21:54:37,22.2855,114.1577,70.25,74,37,1.01,scattered clouds
2,Jamestown,US,2021-10-24 21:56:57,42.097,-79.2353,51.12,97,90,1.99,moderate rain
3,Hervey Bay,AU,2021-10-24 21:56:57,-25.2986,152.8535,81.03,82,28,10.09,scattered clouds
4,Leh,IN,2021-10-24 21:53:27,34.1667,77.5833,29.16,87,91,4.23,overcast clouds
5,Cape Town,ZA,2021-10-24 21:54:04,-33.9258,18.4232,59.41,68,0,3.0,clear sky
6,Bauchi,NG,2021-10-24 21:56:58,10.5,10.0,77.5,44,94,3.87,overcast clouds
7,Ushuaia,AR,2021-10-24 21:56:58,-54.8,-68.3,35.26,64,75,21.85,heavy snow
8,San Cristobal,VE,2021-10-24 21:56:59,7.7669,-72.225,75.38,70,67,2.37,broken clouds
9,Chuy,UY,2021-10-24 21:56:59,-33.6971,-53.4616,60.57,68,0,7.38,clear sky
10,Kruisfontein,ZA,2021-10-24 21:52:53,-34.0033,24.7314,50.88,81,0,3.11,clear sky
11,Vanimo,PG,2021-10-24 21:57:00,-2.6741,141.3028,78.6,88,100,4.94,overcast clouds
12,Atuona,PF,2021-10-24 21:56:14,-9.8,-139.0333,77.92,73,2,17.36,clear sky
13,Chokurdakh,RU,2021-10-24 21:57:01,70.6333,147.9167,-7.29,99,100,2.64,overcast clouds
14,Dingle,PH,2021-10-24 21:53:18,10.9995,122.6711,75.47,92,99,2.64,overcast clouds
15,Panaba,MX,2021-10-24 21:52:14,21.2833,-88.2667,89.22,57,98,10.67,overcast clouds
16,Tiksi,RU,2021-10-24 21:57:02,71.6872,128.8694,1.15,100,100,5.61,overcast clouds
17,Yantal,RU,2021-10-24 21:57:03,56.8471,105.2542,38.26,94,100,12.77,overcast clouds
18,Hobart,AU,2021-10-24 21:53:49,-42.8794,147.3294,52.02,73,75,4.0,light intensity shower rain
19,Yumen,CN,2021-10-24 21:57:03,40.2833,97.2,45.21,36,100,19.44,overcast clouds
20,Georgetown,MY,2021-10-24 21:53:04,5.4112,100.3354,77.9,94,20,3.0,few clouds
21,Swan Hill,AU,2021-10-24 21:57:04,-35.3378,143.5544,52.14,48,0,10.45,clear sky
22,Gat,IL,2021-10-24 21:57:05,31.61,34.7642,69.82,100,0,3.11,clear sky
23,Americus,US,2021-10-24 21:57:05,32.0724,-84.2327,75.33,60,100,5.75,overcast clouds
24,Cabo San Lucas,MX,2021-10-24 21:52:07,22.8909,-109.9124,89.62,67,2,10.76,clear sky
25,Barrow,US,2021-10-24 21:52:10,71.2906,-156.7887,26.62,86,90,4.61,overcast clouds
26,Meulaboh,ID,2021-10-24 21:53:06,4.1363,96.1285,74.61,91,100,4.97,overcast clouds
27,Saint-Philippe,RE,2021-10-24 21:53:15,-21.3585,55.7679,74.48,83,47,16.37,light rain
28,Evensk,RU,2021-10-24 21:54:17,61.95,159.2333,6.35,79,68,3.85,broken clouds
29,Pietarsaari,FI,2021-10-24 21:57:07,63.65,22.6833,36.0,97,100,1.99,light rain
30,Sistranda,NO,2021-10-24 21:57:07,63.7256,8.834,50.9,78,100,10.69,light rain
31,Petropavlovsk-Kamchatskiy,RU,2021-10-24 21:57:07,53.0452,158.6483,23.59,80,0,6.71,clear sky
32,Mount Isa,AU,2021-10-24 21:56:20,-20.7333,139.5,78.57,53,96,8.05,light rain
33,Cidreira,BR,2021-10-24 21:57:08,-30.1811,-50.2056,62.76,64,0,7.4,clear sky
34,Buraydah,SA,2021-10-24 21:57:09,26.326,43.975,75.65,27,0,7.49,clear sky
35,Puerto Ayora,EC,2021-10-24 21:53:55,-0.7393,-90.3518,82.36,86,100,10.85,overcast clouds
36,Provideniya,RU,2021-10-24 21:56:31,64.3833,-173.3,24.91,58,0,11.18,clear sky
37,San Ramon,US,2021-10-24 21:53:21,37.7799,-121.978,63.52,94,90,3.0,heavy intensity rain
38,Hjelset,NO,2021-10-24 21:57:10,62.7833,7.4833,49.78,87,75,3.44,broken clouds
39,Marfino,RU,2021-10-24 21:57:10,55.7028,37.3822,32.09,80,0,11.18,clear sky
40,Nuuk,GL,2021-10-24 21:57:11,64.1835,-51.7216,25.88,49,0,8.99,clear sky
41,Honningsvag,NO,2021-10-24 21:57:11,70.9821,25.9704,35.42,73,46,11.86,scattered clouds
42,Urengoy,RU,2021-10-24 21:57:12,65.9667,78.3667,25.52,87,100,19.19,overcast clouds
43,Teya,RU,2021-10-24 21:57:12,60.3778,92.6267,36.27,81,100,12.88,overcast clouds
44,Ixtapa,MX,2021-10-24 21:57:12,20.7,-105.2,86.23,79,100,8.01,overcast clouds
45,Aklavik,CA,2021-10-24 21:57:13,68.2191,-135.0107,23.83,93,82,2.89,broken clouds
46,Sitka,US,2021-10-24 21:53:23,57.0531,-135.33,48.94,64,100,5.97,overcast clouds
47,Albany,US,2021-10-24 21:54:47,42.6001,-73.9662,54.25,70,100,3.67,overcast clouds
48,Hamilton,US,2021-10-24 21:57:04,39.1834,-84.5333,74.71,89,95,1.01,overcast clouds
49,Berdigestyakh,RU,2021-10-24 21:57:14,62.0989,126.6992,30.79,98,100,6.4,light snow
50,Angoche,MZ,2021-10-24 21:57:14,-16.2325,39.9086,77.92,81,4,12.91,clear sky
51,Fortuna,US,2021-10-24 21:57:15,40.5982,-124.1573,58.12,89,20,4.0,few clouds
52,Hermanus,ZA,2021-10-24 21:53:02,-34.4187,19.2345,57.9,74,0,9.33,clear sky
53,Lavrentiya,RU,2021-10-24 21:52:59,65.5833,-171.0,22.3,84,100,11.39,overcast clouds
54,Narsaq,GL,2021-10-24 21:57:16,60.9167,-46.05,28.44,49,98,6.26,overcast clouds
55,Mataura,NZ,2021-10-24 21:55:48,-46.1927,168.8643,63.03,68,93,2.82,overcast clouds
56,Pisco,PE,2021-10-24 21:56:55,-13.7,-76.2167,68.05,64,0,23.02,clear sky
57,Rikitea,PF,2021-10-24 21:57:16,-23.1203,-134.9692,74.73,76,43,16.53,scattered clouds
58,Tasiilaq,GL,2021-10-24 21:57:13,65.6145,-37.6368,29.84,91,100,37.36,snow
59,Busselton,AU,2021-10-24 21:52:55,-33.65,115.3333,56.05,77,100,10.36,overcast clouds
60,Tura,IN,2021-10-24 21:57:17,25.5198,90.2201,66.81,96,12,2.39,few clouds
61,Qaqortoq,GL,2021-10-24 21:57:18,60.7167,-46.0333,30.65,79,100,5.57,overcast clouds
62,Qaanaaq,GL,2021-10-24 21:56:43,77.484,-69.3632,-4.61,62,0,11.97,clear sky
63,Lerwick,GB,2021-10-24 21:57:18,60.1545,-1.1494,51.8,87,90,18.21,overcast clouds
64,Sredniy Ikorets,RU,2021-10-24 21:57:19,51.0675,39.7584,37.33,70,63,12.75,broken clouds
65,Eskisehir,TR,2021-10-24 21:57:19,39.7767,30.5206,45.18,88,78,9.35,broken clouds
66,Mbeya,TZ,2021-10-24 21:57:20,-8.9,33.45,63.95,53,3,5.86,clear sky
67,Ginir,ET,2021-10-24 21:57:20,7.1333,40.7,57.36,51,69,5.77,broken clouds
68,Punta Arenas,CL,2021-10-24 21:56:00,-53.15,-70.9167,46.51,36,75,33.38,broken clouds
69,Port Alfred,ZA,2021-10-24 21:57:21,-33.5906,26.891,60.24,75,64,11.74,broken clouds
70,Tondano,ID,2021-10-24 21:57:22,1.3038,124.9112,66.29,91,47,0.27,scattered clouds
71,Te Anau,NZ,2021-10-24 21:55:43,-45.4167,167.7167,54.32,94,100,0.38,moderate rain
72,Aranjuez,ES,2021-10-24 21:57:22,40.0311,-3.6025,62.26,38,0,2.35,clear sky
73,Los Llanos De Aridane,ES,2021-10-24 21:57:23,28.6585,-17.9182,67.75,88,75,8.05,broken clouds
74,Ponta Do Sol,PT,2021-10-24 21:57:08,32.6667,-17.1,71.71,72,97,6.35,overcast clouds
75,Manikpur,IN,2021-10-24 21:57:23,25.0667,81.1167,72.18,57,18,2.57,few clouds
76,Olafsvik,IS,2021-10-24 21:57:24,64.8945,-23.7142,42.55,90,100,21.36,overcast clouds
77,New Norfolk,AU,2021-10-24 21:53:17,-42.7826,147.0587,50.67,62,99,3.0,overcast clouds
78,Plettenberg Bay,ZA,2021-10-24 21:53:05,-34.0527,23.3716,54.55,74,0,4.54,clear sky
79,Vaini,TO,2021-10-24 21:57:25,-21.2,-175.2,78.96,73,20,12.66,few clouds
80,Acapulco,MX,2021-10-24 21:55:43,16.8634,-99.8901,74.77,91,100,12.59,overcast clouds
81,Port-Gentil,GA,2021-10-24 21:57:07,-0.7193,8.7815,80.56,83,75,8.05,broken clouds
82,Guane,CU,2021-10-24 21:57:26,22.2025,-84.0875,82.94,76,97,7.74,overcast clouds
83,Kodinsk,RU,2021-10-24 21:57:26,58.6881,99.1844,38.21,91,100,11.65,overcast clouds
84,Mahebourg,MU,2021-10-24 21:57:27,-20.4081,57.7,75.25,78,40,11.5,scattered clouds
85,Eureka,US,2021-10-24 21:55:26,40.8021,-124.1637,58.39,73,100,5.99,overcast clouds
86,Daru,PG,2021-10-24 21:56:07,-9.0763,143.2092,82.27,81,95,10.18,overcast clouds
87,Male,MV,2021-10-24 21:57:27,4.1748,73.5089,82.35,83,75,11.5,broken clouds
88,Catamarca,AR,2021-10-24 21:53:30,-28.4696,-65.7852,83.77,43,0,8.99,clear sky
89,Abnub,EG,2021-10-24 21:57:28,27.2696,31.1511,68.74,49,0,8.25,clear sky
90,Kabare,CD,2021-10-24 21:57:28,-2.4683,28.8242,62.71,89,99,0.81,overcast clouds
91,Makakilo City,US,2021-10-24 21:57:29,21.3469,-158.0858,81.61,61,75,12.66,broken clouds
92,Upernavik,GL,2021-10-24 21:53:50,72.7868,-56.1549,15.93,67,89,8.21,overcast clouds
93,Bethel,US,2021-10-24 21:54:40,41.3712,-73.414,56.23,75,94,3.4,overcast clouds
94,Copiapo,CL,2021-10-24 21:57:30,-27.3667,-70.3333,56.89,27,0,6.24,clear sky
95,Rawson,AR,2021-10-24 21:57:30,-43.3002,-65.1023,82.69,20,40,28.77,dust
96,Bull Savanna,JM,2021-10-24 21:57:31,17.8868,-77.5902,81.09,74,34,12.26,scattered clouds
97,Sao Filipe,CV,2021-10-24 21:57:31,14.8961,-24.4956,78.44,72,44,10.51,scattered clouds
98,Tema,GH,2021-10-24 21:57:32,5.667,-0.0166,79.21,89,20,5.75,few clouds
99,Butaritari,KI,2021-10-24 21:56:06,3.0707,172.7902,81.48,72,48,3.24,scattered clouds
100,San Patricio,US,2021-10-24 21:57:33,28.017,-97.5169,92.12,55,10,12.75,clear sky
101,Oussouye,SN,2021-10-24 21:57:33,12.485,-16.5469,84.38,82,97,3.76,overcast clouds
102,Dubbo,AU,2021-10-24 21:57:32,-32.25,148.6167,55.53,54,0,6.91,clear sky
103,Yebaishou,CN,2021-10-24 21:57:34,41.3975,119.6408,44.04,65,85,3.09,overcast clouds
104,Japura,ID,2021-10-24 21:57:34,-0.3167,102.35,73.47,99,100,3.36,overcast clouds
105,Airai,TL,2021-10-24 21:57:34,-8.9266,125.4092,63.37,75,98,1.28,overcast clouds
106,Wembley,AU,2021-10-24 21:57:35,-31.9333,115.8,62.69,92,75,5.75,light rain
107,Comodoro Rivadavia,AR,2021-10-24 21:56:13,-45.8667,-67.5,67.86,32,100,56.39,overcast clouds
108,Kargasok,RU,2021-10-24 21:57:35,59.0556,80.8572,38.44,94,100,5.46,overcast clouds
109,Praia Da Vitoria,PT,2021-10-24 21:53:06,38.7333,-27.0667,66.45,82,40,9.46,scattered clouds
110,Itoman,JP,2021-10-24 21:56:21,26.1247,127.6694,75.22,73,20,10.36,few clouds
111,Lebu,CL,2021-10-24 21:56:00,-37.6167,-73.65,55.87,83,5,9.4,clear sky
112,Sangmelima,CM,2021-10-24 21:57:37,2.9333,11.9833,68.05,99,58,1.01,light rain
113,Kahului,US,2021-10-24 21:56:41,20.8947,-156.47,84.97,78,84,11.01,broken clouds
114,Harper,LR,2021-10-24 21:53:53,4.375,-7.7169,77.58,83,100,7.18,overcast clouds
115,Chihuahua,MX,2021-10-24 21:57:37,28.5,-106.0,85.3,23,0,5.88,clear sky
116,Bredasdorp,ZA,2021-10-24 21:57:38,-34.5322,20.0403,49.32,81,0,4.61,clear sky
117,San Policarpo,PH,2021-10-24 21:57:38,12.1791,125.5072,79.74,81,100,7.99,overcast clouds
118,Yellowknife,CA,2021-10-24 21:57:39,62.456,-114.3525,41.56,85,75,19.57,broken clouds
119,Esperance,AU,2021-10-24 21:57:39,-33.8667,121.9,67.84,40,100,8.23,overcast clouds
120,Zhigansk,RU,2021-10-24 21:57:40,66.7697,123.3711,19.17,96,97,5.66,overcast clouds
121,Katangli,RU,2021-10-24 21:57:40,51.7102,143.2326,32.68,83,56,7.87,broken clouds
122,Shambu,ET,2021-10-24 21:57:41,9.5667,37.1,51.01,67,20,3.62,few clouds
123,Novobirilyussy,RU,2021-10-24 21:57:41,56.9514,90.6661,40.21,92,81,8.9,broken clouds
124,Khatanga,RU,2021-10-24 21:54:18,71.9667,102.5,0.43,89,77,16.55,broken clouds
125,Lodja,CD,2021-10-24 21:53:34,-3.4833,23.4333,70.29,99,76,1.32,broken clouds
126,Svetlaya,RU,2021-10-24 21:57:42,46.5389,138.3297,42.96,64,0,5.46,clear sky
127,Sayyan,YE,2021-10-24 21:57:42,15.1718,44.3244,53.85,25,34,2.86,scattered clouds
128,Mandera,KE,2021-10-24 21:57:43,3.9366,41.867,84.38,52,5,16.44,clear sky
129,Cherskiy,RU,2021-10-24 21:53:04,68.75,161.3,-15.74,99,25,4.63,scattered clouds
130,Oistins,BB,2021-10-24 21:55:33,13.0667,-59.5333,80.69,83,75,12.66,broken clouds
131,Gao,ML,2021-10-24 21:57:44,16.6362,1.637,91.42,21,83,6.13,broken clouds
132,Hokitika,NZ,2021-10-24 21:57:44,-42.7167,170.9667,60.58,83,95,5.97,overcast clouds
133,Hithadhoo,MV,2021-10-24 21:56:44,-0.6,73.0833,82.22,75,69,15.57,broken clouds
134,Hastings,GB,2021-10-24 21:57:45,50.8552,0.5729,59.29,92,100,17.34,overcast clouds
135,Ancud,CL,2021-10-24 21:54:03,-41.8697,-73.8203,56.43,86,86,16.75,overcast clouds
136,Ambilobe,MG,2021-10-24 21:57:45,-13.2,49.05,75.96,78,87,5.86,overcast clouds
137,Luderitz,NA,2021-10-24 21:53:33,-26.6481,15.1594,59.32,70,0,3.18,clear sky
138,Port Elizabeth,ZA,2021-10-24 21:53:00,-33.918,25.5701,53.89,87,40,2.3,scattered clouds
139,Thompson,CA,2021-10-24 21:57:06,55.7435,-97.8558,32.16,80,90,2.3,overcast clouds
140,Kaitangata,NZ,2021-10-24 21:56:04,-46.2817,169.8464,58.73,73,100,3.06,overcast clouds
141,Avarua,CK,2021-10-24 21:56:47,-21.2078,-159.775,77.05,61,40,13.8,scattered clouds
142,Parasia,IN,2021-10-24 21:57:47,22.2,78.7667,63.84,60,1,4.54,clear sky
143,Salalah,OM,2021-10-24 21:57:47,17.0151,54.0924,76.08,77,84,3.22,broken clouds
144,Mayor Pablo Lagerenza,PY,2021-10-24 21:57:48,-19.9309,-60.7718,82.17,22,3,7.58,clear sky
145,Massaguet,TD,2021-10-24 21:57:48,12.4755,15.4365,86.04,25,11,7.29,few clouds
146,Bucovat,RO,2021-10-24 21:57:49,44.3,23.75,46.35,85,0,6.91,clear sky
147,Ribeira Grande,PT,2021-10-24 21:53:25,38.5167,-28.7,66.69,72,10,9.08,clear sky
148,Tokur,RU,2021-10-24 21:57:50,53.1333,132.9,20.5,96,63,3.53,broken clouds
149,Mar Del Plata,AR,2021-10-24 21:57:50,-38.0023,-57.5575,68.02,30,0,17.27,clear sky
150,Gubkinskiy,RU,2021-10-24 21:57:51,64.434,76.5026,23.81,89,37,15.59,scattered clouds
151,Pyu,MM,2021-10-24 21:57:51,18.4833,96.4333,72.03,97,96,3.27,overcast clouds
152,Chicama,PE,2021-10-24 21:53:23,-7.8447,-79.1469,63.14,68,17,9.17,few clouds
153,Tuktoyaktuk,CA,2021-10-24 21:54:01,69.4541,-133.0374,30.2,93,75,3.44,broken clouds
154,Koslan,RU,2021-10-24 21:57:52,63.4564,48.8989,28.29,78,99,7.72,overcast clouds
155,Saint George,US,2021-10-24 21:54:24,37.1041,-113.5841,75.67,31,1,3.0,clear sky
156,Cururupu,BR,2021-10-24 21:57:53,-1.8283,-44.8683,78.04,84,22,3.89,few clouds
157,Cedar City,US,2021-10-24 21:57:53,37.6775,-113.0619,58.39,44,97,13.15,overcast clouds
158,Bosaso,SO,2021-10-24 21:57:53,11.2842,49.1816,79.59,62,0,5.26,clear sky
159,Great Yarmouth,GB,2021-10-24 21:57:54,52.6083,1.7305,56.23,90,98,15.28,overcast clouds
160,Atar,MR,2021-10-24 21:57:00,20.5169,-13.0499,85.57,19,53,3.85,broken clouds
161,Tateyama,JP,2021-10-24 21:57:55,34.9833,139.8667,55.42,59,83,10.98,broken clouds
162,Ust-Tsilma,RU,2021-10-24 21:57:55,65.441,52.1498,29.55,85,100,7.49,overcast clouds
163,Mapiripan,CO,2021-10-24 21:57:56,2.8892,-72.1256,80.01,84,100,4.56,moderate rain
164,Assiniboia,CA,2021-10-24 21:57:56,49.6334,-105.9845,40.91,87,35,11.5,scattered clouds
165,Geraldton,AU,2021-10-24 21:57:57,-28.7667,114.6,63.12,88,75,3.44,broken clouds
166,Upington,ZA,2021-10-24 21:56:08,-28.4478,21.2561,61.18,41,0,3.44,clear sky
167,Buchanan,LR,2021-10-24 21:54:00,5.8808,-10.0467,78.76,91,100,4.5,moderate rain
168,Banyumas,ID,2021-10-24 21:57:48,-7.5142,109.2942,76.48,90,99,2.33,overcast clouds
169,Peleduy,RU,2021-10-24 21:57:58,59.6289,112.7406,36.12,97,100,10.69,light rain
170,Saskylakh,RU,2021-10-24 21:57:58,71.9167,114.0833,-15.03,100,64,3.89,broken clouds
171,Bambanglipuro,ID,2021-10-24 21:57:58,-7.95,110.2833,77.79,83,88,5.5,overcast clouds
172,Kavieng,PG,2021-10-24 21:57:59,-2.5744,150.7967,83.84,71,65,10.85,broken clouds
173,Urumqi,CN,2021-10-24 21:57:59,43.801,87.6005,32.95,75,0,2.24,clear sky
174,Birjand,IR,2021-10-24 21:58:00,32.8663,59.2211,45.07,14,0,9.22,clear sky
175,Tigil,RU,2021-10-24 21:58:00,57.8,158.6667,18.61,99,82,4.38,broken clouds
176,Bambous Virieux,MU,2021-10-24 21:57:31,-20.3428,57.7575,75.22,78,40,11.5,scattered clouds
177,Vostok,RU,2021-10-24 21:58:01,46.4856,135.8833,31.71,73,1,5.01,clear sky
178,Puerto Escondido,MX,2021-10-24 21:56:26,15.85,-97.0667,83.34,74,100,4.88,overcast clouds
179,Srednekolymsk,RU,2021-10-24 21:58:02,67.45,153.6833,-4.88,94,100,1.63,overcast clouds
180,Rocha,UY,2021-10-24 21:54:37,-34.4833,-54.3333,62.67,58,8,11.56,clear sky
181,Inirida,CO,2021-10-24 21:58:03,3.8653,-67.9239,78.3,91,94,2.55,moderate rain
182,Araxa,BR,2021-10-24 21:58:04,-19.5933,-46.9406,73.36,53,0,11.5,clear sky
183,Iroquois Falls,CA,2021-10-24 21:58:04,48.7669,-80.6831,44.74,91,100,6.8,overcast clouds
184,Kemijarvi,FI,2021-10-24 21:58:05,66.7131,27.4306,26.53,96,100,3.42,overcast clouds
185,San Quintin,MX,2021-10-24 21:58:05,30.4833,-115.95,74.44,67,6,18.12,clear sky
186,Cuenca,EC,2021-10-24 21:54:39,-2.8833,-78.9833,66.33,63,75,19.57,thunderstorm
187,Raga,SS,2021-10-24 21:58:06,8.4596,25.678,73.78,82,48,2.98,scattered clouds
188,Pacific Grove,US,2021-10-24 21:58:06,36.6177,-121.9166,66.42,88,100,5.99,overcast clouds
189,Aplahoue,BJ,2021-10-24 21:58:07,6.9333,1.6833,74.95,91,51,3.85,broken clouds
190,Mount Gambier,AU,2021-10-24 21:56:14,-37.8333,140.7667,49.91,71,90,5.75,overcast clouds
191,Bluff,NZ,2021-10-24 21:58:08,-46.6,168.3333,54.43,90,96,4.32,light rain
192,La Rioja,ES,2021-10-24 21:58:08,42.25,-2.5,45.05,44,3,5.84,clear sky
193,Castlemaine,AU,2021-10-24 21:58:08,-37.0667,144.2167,51.04,60,6,12.91,clear sky
194,Ivanava,BY,2021-10-24 21:58:09,52.1451,25.5365,36.95,75,74,3.78,broken clouds
195,Port Augusta,AU,2021-10-24 21:58:02,-32.5,137.7667,59.7,42,0,6.85,clear sky
196,Tonantins,BR,2021-10-24 21:58:10,-2.8731,-67.8022,79.86,87,100,2.01,overcast clouds
197,Adrar,MR,2021-10-24 21:53:36,20.5022,-10.0711,84.18,22,22,7.07,few clouds
198,Tarko-Sale,RU,2021-10-24 21:58:10,64.9225,77.785,23.72,87,14,18.05,few clouds
199,Tamandare,BR,2021-10-24 21:58:11,-8.7597,-35.1047,77.7,75,70,9.08,broken clouds
200,Tucuman,AR,2021-10-24 21:58:11,-26.8241,-65.2226,87.8,18,0,18.41,clear sky
201,San Pedro,PH,2021-10-24 21:58:12,14.35,121.0167,78.03,87,75,2.3,broken clouds
202,Lompoc,US,2021-10-24 21:54:28,34.6391,-120.4579,71.74,73,90,8.05,overcast clouds
203,Ler,SS,2021-10-24 21:58:12,8.3018,30.1418,77.61,55,6,4.97,clear sky
204,Clyde River,CA,2021-10-24 21:58:13,70.4692,-68.5914,11.93,80,70,4.41,broken clouds
205,Sunbury,AU,2021-10-24 21:58:13,-37.5833,144.7333,53.98,77,75,5.01,broken clouds
206,Puerto Baquerizo Moreno,EC,2021-10-24 21:58:13,-0.9,-89.6,74.39,69,20,12.66,few clouds
207,Saint-Ambroise,CA,2021-10-24 21:58:14,48.5501,-71.3324,46.89,42,99,13.8,overcast clouds
208,Coquimbo,CL,2021-10-24 21:53:16,-29.9533,-71.3436,64.13,67,0,12.66,clear sky
209,Nikolskoye,RU,2021-10-24 21:58:15,59.7035,30.7861,34.88,80,85,5.66,overcast clouds
210,Bonthe,SL,2021-10-24 21:58:15,7.5264,-12.505,78.22,86,100,5.3,light rain
211,Kudat,MY,2021-10-24 21:58:16,6.8837,116.8477,75.29,100,20,1.14,few clouds
212,Bathsheba,BB,2021-10-24 21:58:16,13.2167,-59.5167,81.21,83,75,12.66,broken clouds
213,Kalabo,ZM,2021-10-24 21:58:17,-14.97,22.6814,73.04,63,99,4.34,overcast clouds
214,Naze,JP,2021-10-24 21:57:42,28.3667,129.4833,68.92,80,77,9.73,broken clouds
215,Kisangani,CD,2021-10-24 21:58:18,0.5167,25.2,70.03,100,100,1.54,light rain
216,Portland,US,2021-10-24 21:58:18,45.5234,-122.6762,58.44,87,100,3.0,overcast clouds
217,Lichinga,MZ,2021-10-24 21:58:18,-13.3128,35.2406,71.69,43,0,9.22,clear sky
218,Taoudenni,ML,2021-10-24 21:58:19,22.6783,-3.9836,87.28,17,11,10.25,few clouds
219,Sept-Iles,CA,2021-10-24 21:58:19,50.2001,-66.3821,49.05,86,90,1.01,overcast clouds
220,Tevaitoa,PF,2021-10-24 21:58:20,-16.7833,-151.5,77.68,82,100,10.54,light rain
221,Lorengau,PG,2021-10-24 21:58:20,-2.0226,147.2712,81.84,81,80,8.34,broken clouds
222,Castro,BR,2021-10-24 21:58:21,-24.7911,-50.0119,57.72,96,71,4.34,broken clouds
223,Cabedelo,BR,2021-10-24 21:58:21,-6.9811,-34.8339,81.27,74,99,8.55,overcast clouds
224,Hilo,US,2021-10-24 21:58:22,19.7297,-155.09,79.11,85,48,1.99,scattered clouds
225,Cayenne,GF,2021-10-24 21:57:59,4.9333,-52.3333,82.09,87,75,5.99,heavy intensity rain
226,Emerald,AU,2021-10-24 21:58:22,-23.5333,148.1667,77.34,64,74,0.0,broken clouds
227,Mecca,SA,2021-10-24 21:58:23,21.4267,39.8261,79.86,63,0,2.3,clear sky
228,Sur,OM,2021-10-24 21:57:54,22.5667,59.5289,81.57,60,0,12.37,clear sky
229,Surt,LY,2021-10-24 21:58:23,31.2089,16.5887,76.05,66,89,9.71,overcast clouds
230,Sotouboua,TG,2021-10-24 21:58:24,8.5667,0.9833,77.04,88,94,0.76,overcast clouds
231,Katsuura,JP,2021-10-24 21:54:45,35.1333,140.3,55.51,63,64,6.91,broken clouds
232,Kokopo,PG,2021-10-24 21:58:24,-4.352,152.2633,81.39,67,100,1.54,overcast clouds
233,Marawi,PH,2021-10-24 21:58:25,7.9986,124.2928,65.64,90,99,2.64,overcast clouds
234,Tottori,JP,2021-10-24 21:54:26,35.5,134.2333,51.87,82,75,8.05,broken clouds
235,Anadyr,RU,2021-10-24 21:58:25,64.75,177.4833,5.5,85,75,4.47,broken clouds
236,Shache,CN,2021-10-24 21:58:26,38.4167,77.2406,45.73,36,88,3.02,overcast clouds
237,Seoul,KR,2021-10-24 21:56:31,37.5683,126.9778,45.84,97,20,3.44,fog
238,Cockburn Town,TC,2021-10-24 21:54:27,21.4612,-71.1419,82.36,61,40,9.22,scattered clouds
239,Huarmey,PE,2021-10-24 21:58:27,-10.0681,-78.1522,67.59,74,8,11.56,clear sky
240,Mwene-Ditu,CD,2021-10-24 21:58:27,-7.0,23.45,66.52,98,99,8.41,moderate rain
241,Chumikan,RU,2021-10-24 21:58:28,54.7183,135.315,34.38,86,91,15.01,overcast clouds
242,San Andres,CO,2021-10-24 21:58:28,12.5847,-81.7006,86.02,79,75,6.91,broken clouds
243,Diamantino,BR,2021-10-24 21:57:52,-14.4086,-56.4461,73.89,94,100,6.06,light rain
244,Olinda,BR,2021-10-24 21:58:26,-8.0089,-34.8553,82.13,69,20,5.75,few clouds
245,Sulangan,PH,2021-10-24 21:58:29,11.1373,123.7228,82.58,76,100,4.32,overcast clouds
246,Cassilandia,BR,2021-10-24 21:58:29,-19.1133,-51.7342,67.87,91,100,1.28,overcast clouds
247,Pilar,BR,2021-10-24 21:58:30,-9.5972,-35.9567,78.73,77,98,8.5,overcast clouds
248,Roald,NO,2021-10-24 21:58:31,62.5833,6.1333,52.72,82,75,8.05,broken clouds
249,Wau,SS,2021-10-24 21:58:31,7.7029,27.9953,78.37,60,16,1.57,few clouds
250,Guerrero Negro,MX,2021-10-24 21:57:12,27.9769,-114.0611,70.47,58,0,16.71,clear sky
251,Karratha,AU,2021-10-24 21:58:32,-20.7377,116.8463,74.95,57,1,9.98,clear sky
252,Ahipara,NZ,2021-10-24 21:58:33,-35.1667,173.1667,65.98,71,16,3.6,few clouds
253,Lodwar,KE,2021-10-24 21:58:33,3.1191,35.5973,86.67,39,16,16.91,few clouds
254,Awjilah,LY,2021-10-24 21:58:34,29.1081,21.2869,74.97,30,6,11.83,clear sky
255,Beinamar,TD,2021-10-24 21:58:34,8.6698,15.3813,76.96,74,70,3.62,broken clouds
256,Bartica,GY,2021-10-24 21:58:35,6.4,-58.6167,80.92,98,100,3.27,light rain
257,Vigia Del Fuerte,CO,2021-10-24 21:58:35,6.5789,-76.8863,77.94,91,95,3.02,overcast clouds
258,Waddan,LY,2021-10-24 21:58:36,29.1614,16.139,80.01,23,99,2.37,overcast clouds
259,Farmington,US,2021-10-24 21:58:18,36.7281,-108.2187,68.86,29,18,5.99,few clouds
260,Hofn,IS,2021-10-24 21:55:08,64.2539,-15.2082,42.17,87,100,17.72,light rain
261,Torbay,CA,2021-10-24 21:58:37,47.6666,-52.7314,55.67,88,75,23.02,very heavy rain
262,Guaiba,BR,2021-10-24 21:58:37,-30.1139,-51.325,71.51,50,0,6.91,clear sky
263,Ust-Omchug,RU,2021-10-24 21:57:44,61.15,149.6333,12.88,95,100,4.34,light snow
264,Constitucion,CL,2021-10-24 21:58:38,-35.3333,-72.4167,60.62,73,2,17.4,clear sky
265,Goundam,ML,2021-10-24 21:58:38,16.4145,-3.6708,94.53,23,48,4.56,scattered clouds
266,Howard Springs,AU,2021-10-24 21:58:39,-12.497,131.047,82.81,95,16,2.13,few clouds
267,Masumbwe,TZ,2021-10-24 21:58:39,-3.6333,32.1833,72.75,66,95,3.02,overcast clouds
268,Bengkulu,ID,2021-10-24 21:56:46,-3.8004,102.2655,75.13,89,100,5.39,overcast clouds
269,Talcahuano,CL,2021-10-24 21:58:40,-36.7167,-73.1167,60.48,72,0,19.57,clear sky
270,Christchurch,NZ,2021-10-24 21:54:09,-43.5333,172.6333,67.91,74,40,5.01,scattered clouds
271,Gazanjyk,TM,2021-10-24 21:58:40,39.2446,55.5154,57.6,67,0,8.21,clear sky
272,Nantucket,US,2021-10-24 21:58:41,41.2835,-70.0995,54.01,72,29,13.56,scattered clouds
273,Arraial Do Cabo,BR,2021-10-24 21:58:41,-22.9661,-42.0278,75.06,83,75,5.75,light rain
274,Saint-Denis,FR,2021-10-24 21:58:42,48.9167,2.3333,52.14,80,0,3.44,clear sky
275,Yerbogachen,RU,2021-10-24 21:58:42,61.2767,108.0108,34.5,97,100,9.8,light rain
276,Saint Anthony,US,2021-10-24 21:57:40,45.0205,-93.218,50.02,56,100,3.0,overcast clouds
277,Menongue,AO,2021-10-24 21:58:43,-14.6585,17.691,67.15,78,75,4.32,broken clouds
278,Port Lincoln,AU,2021-10-24 21:57:39,-34.7333,135.8667,55.31,67,0,14.7,clear sky
279,Mlimba,TZ,2021-10-24 21:58:43,-8.8,35.8167,79.48,49,4,7.74,clear sky
280,Gaomi,CN,2021-10-24 21:58:44,36.3833,119.7528,42.58,63,1,5.19,clear sky
281,Belaya Gora,RU,2021-10-24 21:58:44,68.5333,146.4167,-0.85,98,100,0.18,overcast clouds
282,Tarpon Springs,US,2021-10-24 21:54:48,28.1461,-82.7568,84.94,79,40,1.01,scattered clouds
283,Poum,NC,2021-10-24 21:58:45,-20.2333,164.0167,76.19,73,45,11.43,scattered clouds
284,Colorado Springs,US,2021-10-24 21:56:16,38.8339,-104.8214,71.74,21,1,1.01,clear sky
285,Belyy Yar,RU,2021-10-24 21:58:46,53.6039,91.3903,46.29,66,0,11.18,clear sky
286,Goderich,CA,2021-10-24 21:58:46,43.7501,-81.7165,51.91,66,96,2.3,overcast clouds
287,Khumalag,RU,2021-10-24 21:58:47,43.2403,44.4752,45.37,93,100,2.24,mist
288,Kuching,MY,2021-10-24 21:58:47,1.55,110.3333,77.22,94,20,3.44,few clouds
289,Ostrovnoy,RU,2021-10-24 21:58:48,68.0531,39.5131,34.39,73,56,21.72,light rain
290,Hailar,CN,2021-10-24 21:58:48,49.2,119.7,32.38,57,35,6.33,scattered clouds
291,Fairview,US,2021-10-24 21:58:49,40.8126,-73.999,59.27,62,89,1.99,overcast clouds
292,Burjuc,RO,2021-10-24 21:58:49,45.9522,22.4867,39.49,67,3,4.54,clear sky
293,East London,ZA,2021-10-24 21:58:49,-33.0153,27.9116,60.13,76,48,11.05,scattered clouds
294,Mounana,GA,2021-10-24 21:58:50,-1.4085,13.1586,70.83,97,24,2.01,light rain
295,Turukhansk,RU,2021-10-24 21:58:50,65.8167,87.9833,25.74,96,100,14.0,light snow
296,Carauari,BR,2021-10-24 21:58:51,-4.8828,-66.8958,83.91,73,79,2.71,broken clouds
297,Cotonou,BJ,2021-10-24 21:58:20,6.3654,2.4183,80.58,89,20,8.05,few clouds
298,Hakkari,TR,2021-10-24 21:58:52,37.5833,44.1667,39.49,50,2,3.29,clear sky
299,Balgazyn,RU,2021-10-24 21:58:52,51.0,95.2,31.89,61,73,2.37,broken clouds
300,Sarkand,KZ,2021-10-24 21:58:53,45.41,79.9186,43.95,48,0,3.76,clear sky
301,Lososina,RU,2021-10-24 21:58:53,48.9975,140.3106,36.48,79,2,4.56,clear sky
302,Ada,US,2021-10-24 21:58:53,43.4166,-116.1262,52.05,82,100,17.0,light rain
303,Longyearbyen,SJ,2021-10-24 21:55:34,78.2186,15.6401,17.44,79,40,2.3,scattered clouds
304,Touros,BR,2021-10-24 21:58:54,-5.1989,-35.4608,81.5,73,28,13.94,scattered clouds
305,Bouca,CF,2021-10-24 21:58:55,6.5105,18.2733,72.9,94,86,1.41,light rain
306,Qui Nhon,VN,2021-10-24 21:58:55,13.7667,109.2333,77.67,88,100,18.19,overcast clouds
307,Faanui,PF,2021-10-24 21:58:56,-16.4833,-151.75,76.28,87,100,15.19,light rain
308,Maniitsoq,GL,2021-10-24 21:58:56,65.4167,-52.9,25.77,55,9,8.55,clear sky
309,Majene,ID,2021-10-24 21:58:57,-3.5403,118.9707,78.66,86,85,1.99,overcast clouds
310,Necochea,AR,2021-10-24 21:58:57,-38.5473,-58.7368,59.14,57,11,5.7,few clouds
311,Mazyr,BY,2021-10-24 21:58:58,52.0495,29.2456,32.77,78,59,5.17,broken clouds
312,Oxford,GB,2021-10-24 21:58:58,51.7522,-1.256,55.76,97,75,10.36,broken clouds
313,Bayji,IQ,2021-10-24 21:58:59,34.9311,43.487,68.11,16,0,7.47,clear sky
314,Dikson,RU,2021-10-24 21:58:59,73.5069,80.5464,9.18,87,100,18.19,overcast clouds
315,Pitimbu,BR,2021-10-24 21:59:00,-7.4706,-34.8086,81.19,73,46,8.68,scattered clouds
316,Souillac,MU,2021-10-24 21:59:00,-20.5167,57.5167,75.36,78,40,11.5,scattered clouds
317,Palmer,US,2021-10-24 21:56:59,42.1584,-72.3287,55.31,60,66,2.57,broken clouds
318,Manggar,ID,2021-10-24 21:59:01,-2.8833,108.2667,78.71,82,16,0.98,few clouds
319,Rio Grande,BR,2021-10-24 21:59:02,-32.035,-52.0986,73.51,62,0,4.12,clear sky
320,Rochester,US,2021-10-24 21:58:00,43.1548,-77.6156,55.62,74,100,3.69,overcast clouds
321,Fairbanks,US,2021-10-24 21:58:22,64.8378,-147.7164,28.22,90,90,0.0,mist
322,Talnakh,RU,2021-10-24 21:54:14,69.4865,88.3972,25.95,97,100,6.24,light snow
323,Panaci,RO,2021-10-24 21:59:03,47.2667,25.3833,30.43,89,7,1.63,clear sky
324,Wonthaggi,AU,2021-10-24 21:59:03,-38.6044,145.5913,57.43,70,67,7.31,broken clouds
325,Porto Belo,BR,2021-10-24 21:59:04,-27.1578,-48.5531,71.96,73,87,17.11,overcast clouds
326,Half Moon Bay,US,2021-10-24 21:59:04,37.4636,-122.4286,64.63,94,90,11.99,heavy intensity rain
327,Batagay-Alyta,RU,2021-10-24 21:57:09,67.8006,130.4114,3.7,93,100,1.86,overcast clouds
328,Padang,ID,2021-10-24 21:59:05,-0.9492,100.3543,76.37,91,100,2.64,moderate rain
329,Ukiah,US,2021-10-24 21:59:06,39.1502,-123.2078,57.13,94,90,4.61,moderate rain
330,Zyryanka,RU,2021-10-24 21:59:06,65.75,150.85,0.63,85,100,2.19,overcast clouds
331,Iqaluit,CA,2021-10-24 21:59:06,63.7506,-68.5145,29.93,92,90,5.99,light snow
332,Sao Raimundo Das Mangabeiras,BR,2021-10-24 21:59:07,-7.0219,-45.4811,81.55,66,77,5.19,broken clouds
333,Grindavik,IS,2021-10-24 21:59:07,63.8424,-22.4338,45.07,100,90,4.61,overcast clouds
334,Zelenogorskiy,RU,2021-10-24 21:59:08,55.0333,87.0,43.32,80,100,10.0,light rain
335,Kalemie,CD,2021-10-24 21:59:08,-5.9475,29.1947,72.9,78,100,6.51,overcast clouds
336,Englewood,US,2021-10-24 21:59:09,39.6478,-104.9878,70.59,23,13,1.99,few clouds
337,Aasiaat,GL,2021-10-24 21:59:09,68.7098,-52.8699,13.15,96,100,8.28,overcast clouds
338,Wahiawa,US,2021-10-24 21:57:36,21.5028,-158.0236,79.79,63,75,12.66,broken clouds
339,Taquari,BR,2021-10-24 21:59:10,-29.7997,-51.8644,70.02,67,0,2.95,clear sky
340,Beipiao,CN,2021-10-24 21:59:10,41.7919,120.7792,43.18,72,71,3.22,broken clouds
341,Usuki,JP,2021-10-24 21:59:11,33.1081,131.7878,56.39,92,100,4.7,overcast clouds
342,Iskateley,RU,2021-10-24 21:59:11,67.6803,53.1512,19.08,96,91,4.07,overcast clouds
343,Pekan,MY,2021-10-24 21:59:12,3.4836,103.3996,73.51,92,99,3.02,overcast clouds
344,Pucallpa,PE,2021-10-24 21:59:12,-8.3791,-74.5539,95.04,46,40,13.8,scattered clouds
345,Gizo,SB,2021-10-24 21:59:12,-8.103,156.8419,83.61,71,23,3.69,few clouds
346,Klaksvik,FO,2021-10-24 21:59:13,62.2266,-6.589,50.92,88,92,25.72,overcast clouds
347,Leinefelde,DE,2021-10-24 21:59:13,51.3833,10.3333,42.1,75,1,3.4,clear sky
348,Bemidji,US,2021-10-24 21:54:20,47.4736,-94.8803,47.14,64,1,9.22,clear sky
349,Kristiinankaupunki,FI,2021-10-24 21:59:15,62.2743,21.376,46.49,93,100,16.64,overcast clouds
350,Nouadhibou,MR,2021-10-24 21:59:15,20.931,-17.0347,71.58,68,85,16.11,overcast clouds
351,Losal,IN,2021-10-24 21:59:16,27.4,74.9167,71.02,62,33,2.42,scattered clouds
352,Atkarsk,RU,2021-10-24 21:59:16,51.8718,45.0078,37.62,93,66,10.83,light rain
353,Mackay,AU,2021-10-24 21:59:17,-21.15,149.2,85.68,73,72,3.44,broken clouds
354,Bintulu,MY,2021-10-24 21:59:17,3.1667,113.0333,77.41,100,40,3.0,scattered clouds
355,Ayr,GB,2021-10-24 21:59:18,55.4627,-4.6339,54.32,87,75,9.22,broken clouds
356,Sivaki,RU,2021-10-24 21:59:18,52.6333,126.75,33.58,89,45,3.11,scattered clouds
357,Kuytun,RU,2021-10-24 21:59:19,54.3419,101.5036,38.97,79,100,13.87,overcast clouds
358,Luanda,AO,2021-10-24 21:59:19,-8.8368,13.2343,75.2,83,20,11.5,few clouds
359,Pangkalanbuun,ID,2021-10-24 21:59:20,-2.6833,111.6167,73.65,96,28,1.19,scattered clouds
360,Madison,US,2021-10-24 21:55:18,34.7334,-86.5667,73.08,64,1,1.01,clear sky
361,Liverpool,GB,2021-10-24 21:59:03,53.4106,-2.9779,54.68,85,0,3.0,clear sky
362,Khislavichi,RU,2021-10-24 21:59:21,54.1871,32.1582,29.7,88,28,6.26,scattered clouds
363,Kerman,IR,2021-10-24 21:59:21,30.2832,57.0788,62.46,20,0,16.11,clear sky
364,Hasaki,JP,2021-10-24 21:55:43,35.7333,140.8333,50.4,53,26,7.72,scattered clouds
365,Puerto Carreno,CO,2021-10-24 21:59:22,6.189,-67.4859,82.81,72,86,8.77,overcast clouds
366,Dalby,AU,2021-10-24 21:59:22,-27.1833,151.2667,71.98,67,16,1.99,few clouds
367,Gumdag,TM,2021-10-24 21:59:23,39.2061,54.5906,56.82,79,0,5.41,clear sky
368,Winslow,US,2021-10-24 21:55:05,35.0242,-110.6974,73.58,26,1,3.0,clear sky
369,Slatina,RO,2021-10-24 21:59:23,44.4333,24.3667,45.28,73,1,2.75,clear sky
370,Maragogi,BR,2021-10-24 21:59:24,-9.0122,-35.2225,77.36,76,53,9.69,broken clouds
371,Olhao,PT,2021-10-24 21:59:24,37.0286,-7.8411,64.29,68,0,9.22,clear sky
372,Verkhnetulomskiy,RU,2021-10-24 21:59:25,68.6073,31.7962,12.33,94,28,2.13,scattered clouds
373,Deputatskiy,RU,2021-10-24 21:58:00,69.3,139.9,0.34,98,100,1.39,overcast clouds
374,Ascension,US,2021-10-24 21:59:25,30.2169,-90.9001,82.4,76,90,5.75,overcast clouds
375,Palauig,PH,2021-10-24 21:59:26,15.435,119.9045,79.84,74,95,2.53,overcast clouds
376,Vila Velha,BR,2021-10-24 21:57:50,-20.3297,-40.2925,80.55,78,40,18.41,scattered clouds
377,Fontem,CM,2021-10-24 21:59:26,5.4685,9.8818,66.31,93,36,2.84,light rain
378,Spanish Fork,US,2021-10-24 21:59:27,40.115,-111.6549,58.21,68,99,2.13,overcast clouds
379,Lagunillas,VE,2021-10-24 21:59:27,10.1301,-71.2595,83.17,75,78,7.83,broken clouds
380,Kirakira,SB,2021-10-24 21:59:28,-10.4544,161.9205,84.45,72,43,8.14,scattered clouds
381,Koster,ZA,2021-10-24 21:59:28,-25.863,26.8976,59.88,69,77,15.1,broken clouds
382,Shalinskoye,RU,2021-10-24 21:59:29,55.7228,93.7594,41.56,72,100,14.45,overcast clouds
383,Oda,JP,2021-10-24 21:59:18,35.1833,132.5,48.97,61,100,3.6,moderate rain
384,Severo-Kurilsk,RU,2021-10-24 21:59:30,50.6789,156.125,39.02,75,46,19.69,scattered clouds
385,Husavik,IS,2021-10-24 21:58:16,66.0449,-17.3389,39.11,96,100,15.01,overcast clouds
386,Gamba,GA,2021-10-24 21:59:30,-2.65,10.0,77.07,88,100,3.83,overcast clouds
387,Quatre Cocos,MU,2021-10-24 21:59:31,-20.2078,57.7625,75.09,72,85,13.24,overcast clouds
388,Tadine,NC,2021-10-24 21:59:31,-21.55,167.8833,74.46,71,30,11.81,scattered clouds
389,Sarab,IR,2021-10-24 21:59:31,38.6066,44.9883,52.36,30,0,3.18,clear sky
390,Kholuy,RU,2021-10-24 21:59:32,56.575,41.8692,30.92,85,88,12.41,overcast clouds
391,Floro,NO,2021-10-24 21:59:32,61.5996,5.0328,51.96,100,75,27.63,mist
392,Ambon,ID,2021-10-24 21:59:33,-3.6954,128.1814,73.54,88,40,8.05,scattered clouds
393,Sigli,ID,2021-10-24 21:59:33,5.3848,95.9609,77.81,82,100,2.71,overcast clouds
394,Kodiak,US,2021-10-24 21:59:34,57.79,-152.4072,44.1,79,17,6.8,few clouds
395,Calabasas,US,2021-10-24 21:59:16,34.1578,-118.6384,74.05,63,99,1.99,overcast clouds
396,Thinadhoo,MV,2021-10-24 21:59:11,0.5333,72.9333,82.94,70,87,15.05,overcast clouds
397,Sao Joaquim,BR,2021-10-24 21:59:34,-28.2939,-49.9317,46.15,84,2,2.66,clear sky
398,Havelock,US,2021-10-24 21:58:52,34.8791,-76.9013,74.05,78,89,4.5,overcast clouds
399,Tinde,TZ,2021-10-24 21:59:35,-3.8833,33.2,79.18,45,70,4.9,broken clouds
400,Boende,CD,2021-10-24 21:59:36,-0.2167,20.8667,71.02,99,100,1.63,overcast clouds
401,Kulhudhuffushi,MV,2021-10-24 21:59:36,6.6221,73.07,81.7,79,73,12.57,broken clouds
402,Lata,PT,2021-10-24 21:56:07,40.1629,-8.3327,59.81,75,0,1.5,clear sky
403,Acarau,BR,2021-10-24 21:59:37,-2.8856,-40.12,80.74,72,9,15.68,clear sky
404,Winter Haven,US,2021-10-24 21:59:37,28.0222,-81.7329,82.27,77,1,4.0,clear sky
405,Muros,ES,2021-10-24 21:58:05,42.7762,-9.0603,62.83,90,21,1.57,few clouds
406,Pevek,RU,2021-10-24 21:57:22,69.7008,170.3133,6.39,93,100,4.03,overcast clouds
407,Prince Rupert,CA,2021-10-24 21:56:43,54.3161,-130.3201,51.49,62,100,6.91,overcast clouds
408,Muirkirk,GB,2021-10-24 21:59:38,55.5227,-4.0655,51.87,89,61,11.65,broken clouds
409,Nalut,LY,2021-10-24 21:59:39,30.3333,10.85,70.88,36,6,6.98,clear sky
410,Coihaique,CL,2021-10-24 21:58:01,-45.5752,-72.0662,48.15,81,90,5.75,heavy intensity rain
411,Casteltermini,IT,2021-10-24 21:59:39,37.5405,13.6445,58.55,84,81,10.18,broken clouds
412,Hay River,CA,2021-10-24 21:56:03,60.8156,-115.7999,42.78,75,90,9.22,light rain
413,Sola,VU,2021-10-24 21:58:09,-13.8833,167.55,84.87,79,75,0.0,broken clouds
414,Nanakuli,US,2021-10-24 21:54:47,21.3906,-158.1547,82.11,57,75,12.66,broken clouds
415,Soma,TR,2021-10-24 21:59:40,39.1855,27.6094,53.65,77,92,13.71,overcast clouds
416,Ilulissat,GL,2021-10-24 21:59:41,69.2167,-51.1,4.69,73,98,7.4,overcast clouds
417,Abu Samrah,SY,2021-10-24 21:59:41,35.3029,37.1841,63.81,64,0,4.25,clear sky
418,Loikaw,MM,2021-10-24 21:59:42,19.6742,97.2094,66.49,97,99,0.87,overcast clouds
419,Zawiercie,PL,2021-10-24 21:59:42,50.4877,19.4168,39.56,90,36,6.26,scattered clouds
420,Carnarvon,AU,2021-10-24 21:59:43,-24.8667,113.6333,68.07,73,40,13.8,scattered clouds
421,Alofi,NU,2021-10-24 21:59:43,-19.0595,-169.9187,80.49,54,63,18.41,broken clouds
422,Tual,ID,2021-10-24 21:59:43,-5.6667,132.75,81.43,77,97,4.92,overcast clouds
423,Beidao,CN,2021-10-24 21:59:44,34.5686,105.8933,50.32,85,99,2.1,overcast clouds
424,Thanh Hoa,VN,2021-10-24 21:59:45,19.8,105.7667,62.53,85,20,4.38,few clouds
425,Krasnoselkup,RU,2021-10-24 21:59:45,65.7,82.4667,24.82,90,98,21.32,overcast clouds
426,Springdale,US,2021-10-24 21:57:21,36.1867,-94.1288,74.79,78,40,17.0,scattered clouds
427,Tutoia,BR,2021-10-24 21:59:46,-2.7619,-42.2744,81.32,79,19,13.0,few clouds
428,Ballina,AU,2021-10-24 21:59:46,-28.8667,153.5667,69.78,87,90,0.0,light rain
429,Carahue,CL,2021-10-24 21:59:47,-38.7,-73.1667,57.4,78,91,6.42,overcast clouds
430,Amahai,ID,2021-10-24 21:59:47,-3.3333,128.9167,78.3,83,67,3.58,broken clouds
431,Santa Cruz,BO,2021-10-24 21:56:36,-17.8,-63.1667,75.25,57,75,6.91,broken clouds
432,Butembo,CD,2021-10-24 21:59:48,0.15,29.2833,57.38,95,97,2.84,overcast clouds
433,Mayo,US,2021-10-24 21:59:48,38.8876,-76.5119,69.39,78,64,8.01,broken clouds
434,Samarai,PG,2021-10-24 21:57:16,-10.6167,150.6667,82.42,78,47,11.88,scattered clouds
435,Hirara,JP,2021-10-24 21:59:49,24.8,125.2833,73.67,83,40,8.05,scattered clouds
436,Merritt Island,US,2021-10-24 21:55:32,28.5392,-80.672,82.49,83,75,10.36,broken clouds
437,Faya,SA,2021-10-24 21:59:49,18.3851,42.4509,57.72,52,13,3.02,few clouds
438,Marzuq,YE,2021-10-24 21:59:50,14.4,46.4667,71.24,22,2,1.86,clear sky
439,Zhanaozen,KZ,2021-10-24 21:59:50,43.3,52.8,51.51,30,4,8.14,clear sky
440,San Juan Bautista,PE,2021-10-24 21:59:51,-14.0108,-75.7358,63.23,47,0,10.92,clear sky
441,Hambantota,LK,2021-10-24 21:59:51,6.1241,81.1185,79.14,94,40,4.61,moderate rain
442,Areia Branca,BR,2021-10-24 21:59:52,-4.9561,-37.1369,82.6,71,4,21.36,clear sky
443,Diffa,NE,2021-10-24 21:59:52,13.3154,12.6113,88.02,18,68,7.43,broken clouds
444,Aguimes,ES,2021-10-24 21:59:53,27.9054,-15.4461,68.63,69,75,6.91,broken clouds
445,Borogontsy,RU,2021-10-24 21:59:53,62.6683,131.1683,27.27,98,100,3.53,light snow
446,Punta Alta,AR,2021-10-24 21:59:54,-38.8759,-62.0736,76.21,28,1,18.59,clear sky
447,Pokrovsk,UA,2021-10-24 21:59:43,48.282,37.1758,38.55,72,55,9.48,broken clouds
448,Luena,AO,2021-10-24 21:59:54,-11.7833,19.9167,65.52,93,100,7.63,light rain
449,Lithgow,AU,2021-10-24 21:59:55,-33.4833,150.15,54.86,45,0,8.52,clear sky
450,Vaitape,PF,2021-10-24 21:59:55,-16.5167,-151.75,77.05,81,100,12.66,overcast clouds
451,Bafoulabe,ML,2021-10-24 21:59:56,13.8065,-10.8321,83.52,61,100,2.82,overcast clouds
452,Mount Darwin,ZW,2021-10-24 21:59:56,-16.7725,31.5838,80.46,41,52,11.23,broken clouds
453,Andujar,ES,2021-10-24 21:59:56,38.0392,-4.0508,66.2,43,4,2.62,clear sky
454,Camacha,PT,2021-10-24 21:57:39,33.0833,-16.3333,67.42,56,40,12.66,scattered clouds
455,Omsukchan,RU,2021-10-24 21:59:35,62.5333,155.8,7.05,95,100,7.76,overcast clouds
456,Melilla,ES,2021-10-24 21:59:57,35.2937,-2.9383,64.78,82,0,5.75,clear sky
457,Inyonga,TZ,2021-10-24 21:59:58,-6.7167,32.0667,80.78,30,98,4.12,overcast clouds
458,Belmonte,BR,2021-10-24 21:59:58,-15.8631,-38.8828,79.3,88,39,8.75,scattered clouds
459,Kyra,RU,2021-10-24 21:59:59,49.5776,111.9753,30.72,67,0,4.68,clear sky
460,Duzce,TR,2021-10-24 21:59:20,40.8389,31.1639,50.32,88,100,4.92,overcast clouds
461,Axim,GH,2021-10-24 22:00:00,4.8699,-2.2405,77.77,86,65,6.62,broken clouds
462,Mormugao,IN,2021-10-24 22:00:00,15.4,73.8,75.88,85,53,8.59,broken clouds
463,Richards Bay,ZA,2021-10-24 22:00:01,-28.783,32.0377,64.04,67,84,4.94,broken clouds
464,Bowen,AU,2021-10-24 21:56:28,-20.0167,148.2333,71.82,64,12,4.25,few clouds
465,Turki,RU,2021-10-24 22:00:02,51.987,43.2731,37.09,80,99,12.59,overcast clouds
466,Kindu,CD,2021-10-24 22:00:03,-2.95,25.95,69.57,100,100,1.79,moderate rain
467,Vardo,NO,2021-10-24 22:00:06,70.3705,31.1107,25.0,58,49,5.86,light snow
468,Kpandu,GH,2021-10-24 22:00:08,6.9954,0.2931,76.55,89,90,5.32,overcast clouds
469,Wewak,PG,2021-10-24 22:00:09,-3.5534,143.6268,80.26,84,100,5.3,light rain
470,Sebring,US,2021-10-24 22:00:10,27.4956,-81.4409,80.55,87,40,4.0,moderate rain
471,Camana,PE,2021-10-24 22:00:11,-16.6228,-72.7111,65.79,70,38,9.84,scattered clouds
472,Spearfish,US,2021-10-24 21:58:21,44.4908,-103.8594,61.11,42,20,3.0,few clouds
473,Kudahuvadhoo,MV,2021-10-24 22:00:12,2.6708,72.8944,82.74,73,68,16.8,broken clouds
474,Korla,CN,2021-10-24 22:00:12,41.7597,86.1469,46.11,41,0,4.12,clear sky
475,Fare,PF,2021-10-24 22:00:13,-16.7,-151.0167,75.29,90,100,6.51,moderate rain
476,Nome,US,2021-10-24 22:00:14,64.5011,-165.4064,32.07,86,90,5.75,overcast clouds
477,Ucluelet,CA,2021-10-24 21:56:44,48.9329,-125.5528,53.1,85,90,3.0,overcast clouds
478,Labrea,BR,2021-10-24 22:00:15,-7.2586,-64.7981,80.89,74,82,0.63,broken clouds
479,Codrington,AU,2021-10-24 22:00:16,-38.2667,141.9667,52.16,63,92,12.26,overcast clouds
480,Strezhevoy,RU,2021-10-24 22:00:16,60.7333,77.5889,28.38,87,100,3.13,overcast clouds
481,La Tuque,CA,2021-10-24 22:00:17,47.4334,-72.7824,39.65,73,45,2.84,scattered clouds
482,Saint-Joseph,RE,2021-10-24 22:00:18,-21.3667,55.6167,73.47,81,37,13.73,scattered clouds
483,Wajir,KE,2021-10-24 22:00:19,1.7471,40.0573,81.21,64,90,18.41,overcast clouds
484,Port Hardy,CA,2021-10-24 22:00:18,50.6996,-127.4199,50.18,93,75,13.8,light intensity shower rain
485,Dunedin,NZ,2021-10-24 22:00:20,-45.8742,170.5036,62.8,73,86,3.0,light rain
486,Zinder,NE,2021-10-24 22:00:20,13.8072,8.9881,87.17,15,8,9.48,clear sky
487,Tuatapere,NZ,2021-10-24 21:56:33,-46.1333,167.6833,59.79,82,98,3.2,overcast clouds
488,Maraa,BR,2021-10-24 22:00:21,-1.8333,-65.3667,80.46,76,87,0.36,overcast clouds
489,Thongwa,MM,2021-10-24 22:00:22,16.7619,96.5278,78.96,91,95,4.59,overcast clouds
490,Banepa,NP,2021-10-24 22:00:22,27.6298,85.5214,54.14,92,5,2.33,clear sky
491,Carutapera,BR,2021-10-24 21:57:23,-1.195,-46.02,81.09,79,6,10.51,clear sky
492,Namibe,AO,2021-10-24 22:00:23,-15.1961,12.1522,64.04,84,0,3.15,clear sky
493,Katakwi,UG,2021-10-24 22:00:24,1.8911,33.9661,70.57,66,52,5.41,broken clouds
494,Zeya,RU,2021-10-24 22:00:24,53.75,127.2667,33.44,95,87,3.09,overcast clouds
495,Sao Jose Da Coroa Grande,BR,2021-10-24 22:00:25,-8.8978,-35.1478,77.81,75,63,9.86,broken clouds
496,College,US,2021-10-24 21:58:29,64.8569,-147.8028,28.2,89,90,3.44,mist
497,Dzepciste,MK,2021-10-24 22:00:25,42.0328,21.0,34.59,70,3,2.17,clear sky
498,Taraz,KZ,2021-10-24 22:00:26,42.9,71.3667,41.41,65,0,8.95,clear sky
499,Kouqian,CN,2021-10-24 22:00:27,43.6391,126.4578,39.2,75,38,6.04,scattered clouds
500,Curuca,BR,2021-10-24 22:00:27,-0.7289,-47.8481,77.9,87,3,6.04,clear sky
501,Santa Fe,AR,2021-10-24 21:56:38,-31.6333,-60.7,77.0,27,0,8.01,clear sky
502,Roma,US,2021-10-24 22:00:28,43.2128,-75.4557,55.13,67,90,0.0,overcast clouds
503,Moroni,KM,2021-10-24 22:00:28,-11.7022,43.2551,78.4,83,10,2.28,clear sky
504,Elverum,NO,2021-10-24 22:00:29,60.8819,11.5623,48.06,88,98,8.61,overcast clouds
505,Nanortalik,GL,2021-10-24 22:00:29,60.1432,-45.2371,32.83,97,100,4.21,light snow
506,Moose Factory,CA,2021-10-24 21:56:31,51.2585,-80.6094,41.0,93,75,3.44,broken clouds
507,Chapais,CA,2021-10-24 22:00:30,49.7834,-74.8492,34.3,76,91,4.14,overcast clouds
508,Yalutorovsk,RU,2021-10-24 22:00:30,56.6536,66.3006,42.42,80,93,15.19,overcast clouds
509,La Asuncion,VE,2021-10-24 22:00:31,11.0333,-63.8628,80.47,79,70,16.67,broken clouds
510,Ubatuba,BR,2021-10-24 22:00:31,-23.4339,-45.0711,69.89,96,100,9.17,overcast clouds
511,Kholtoson,RU,2021-10-24 22:00:32,50.2981,103.3097,29.46,72,73,4.45,broken clouds
512,Valparaiso,CL,2021-10-24 21:59:15,-33.0393,-71.6273,83.84,32,0,23.02,clear sky
513,Luau,AO,2021-10-24 22:00:32,-10.7073,22.2247,66.04,92,100,1.97,overcast clouds
514,Presidente Medici,BR,2021-10-24 22:00:33,-11.1753,-61.9014,73.06,97,90,11.61,light rain
515,Sadat,IN,2021-10-24 22:00:33,25.6833,83.2833,71.85,65,35,4.72,scattered clouds
516,Mersing,MY,2021-10-24 22:00:34,2.4312,103.8405,76.66,89,63,3.56,broken clouds
517,Puerto Quijarro,BO,2021-10-24 22:00:35,-17.7833,-57.7667,70.95,84,100,2.86,overcast clouds
518,Zenzeli,RU,2021-10-24 22:00:35,45.9241,47.0474,53.98,75,100,8.88,overcast clouds
519,Celestun,MX,2021-10-24 22:00:35,20.8667,-90.4,84.43,72,55,9.08,broken clouds
520,Quedlinburg,DE,2021-10-24 22:00:36,51.7833,11.15,44.65,67,3,6.4,clear sky
521,Cine,TR,2021-10-24 22:00:36,37.6117,28.0614,63.5,79,61,3.85,broken clouds
522,Vestmannaeyjar,IS,2021-10-24 22:00:37,63.4427,-20.2734,45.19,91,100,6.08,overcast clouds
523,Kutum,SD,2021-10-24 22:00:37,14.2,24.6667,75.43,25,2,11.92,clear sky
524,Loukhi,RU,2021-10-24 21:59:31,66.0764,33.0381,20.3,96,96,4.38,overcast clouds
525,Manakara,MG,2021-10-24 22:00:38,-22.1333,48.0167,76.14,90,84,11.59,broken clouds
526,Stokmarknes,NO,2021-10-24 22:00:38,68.5646,14.9108,39.49,96,100,8.72,light rain
527,Balsas,BR,2021-10-24 22:00:28,-7.5325,-46.0356,83.34,58,43,3.89,scattered clouds
528,Kurumkan,RU,2021-10-24 21:59:47,54.3,110.3,34.83,92,100,4.56,light rain
529,Benguela,AO,2021-10-24 21:56:18,-12.5763,13.4055,74.95,71,100,4.76,overcast clouds
530,Oyama,JP,2021-10-24 22:00:39,36.3,139.8,55.58,59,42,3.74,scattered clouds
531,Saldanha,ZA,2021-10-24 22:00:03,-33.0117,17.9442,58.75,78,0,16.13,clear sky
532,Segovia,ES,2021-10-24 22:00:40,41.1667,-4.0,49.42,40,0,3.94,clear sky
533,Kovdor,RU,2021-10-24 22:00:40,67.5662,30.4758,14.47,96,84,2.37,broken clouds
534,Fully,CH,2021-10-24 22:00:41,46.1385,7.1147,52.66,66,77,4.61,broken clouds
535,Doha,QA,2021-10-24 21:59:24,25.2867,51.5333,84.09,78,0,1.14,clear sky
536,Kungurtug,RU,2021-10-24 22:00:41,50.5994,97.5228,28.74,71,76,1.7,broken clouds
537,Bhatapara,IN,2021-10-24 22:00:42,21.7333,81.9333,67.46,70,4,3.24,clear sky
538,Carbonear,CA,2021-10-24 22:00:43,47.7332,-53.2148,56.52,80,91,24.54,overcast clouds
539,Iquique,CL,2021-10-24 21:59:41,-20.2208,-70.1431,64.44,72,32,2.17,scattered clouds
540,Ropczyce,PL,2021-10-24 22:00:43,50.0523,21.6089,35.24,75,75,6.17,broken clouds
541,Mogadishu,SO,2021-10-24 22:00:44,2.0371,45.3438,79.57,80,24,13.85,few clouds
542,Kimbe,PG,2021-10-24 22:00:44,-5.5502,150.1429,83.21,72,72,1.21,broken clouds
543,Vysokogornyy,RU,2021-10-24 22:00:45,50.1167,139.15,29.5,88,18,3.38,few clouds
544,Pacifica,US,2021-10-24 22:00:45,37.6138,-122.4869,64.53,94,90,17.0,moderate rain
545,Nara,JP,2021-10-24 21:57:40,34.6851,135.8049,60.91,75,100,4.94,moderate rain
546,Betanzos,ES,2021-10-24 22:00:46,43.2804,-8.2147,60.67,89,20,5.75,few clouds
547,Port Macquarie,AU,2021-10-24 22:00:46,-31.4333,152.9167,68.9,68,47,3.51,scattered clouds
548,Namatanai,PG,2021-10-24 21:55:53,-3.6667,152.4333,82.94,71,91,5.91,overcast clouds
549,Komsomolskiy,UZ,2021-10-24 21:59:36,40.4272,71.7189,44.02,56,0,5.75,clear sky
550,Avera,US,2021-10-24 21:57:57,33.194,-82.5271,76.71,50,94,4.56,overcast clouds
551,Zhangjiakou,CN,2021-10-24 22:00:47,40.81,114.8794,45.27,51,100,0.54,overcast clouds
552,Yatou,CN,2021-10-24 22:00:48,37.15,122.3833,51.17,82,0,2.17,clear sky
553,Shimoda,JP,2021-10-24 22:00:48,34.6667,138.95,62.71,65,92,14.09,overcast clouds
554,Nemuro,JP,2021-10-24 22:00:48,43.3236,145.575,50.31,77,0,4.27,clear sky
555,Nyakabindi,TZ,2021-10-24 22:00:49,-2.6333,33.9833,72.0,63,35,4.25,scattered clouds
556,Birao,CF,2021-10-24 22:00:49,10.2849,22.7882,77.52,42,100,2.33,overcast clouds
557,Sandur,IN,2021-10-24 22:00:21,15.1,76.55,73.42,79,100,4.03,overcast clouds
558,Maldonado,UY,2021-10-24 22:00:50,-34.6667,-54.9167,69.22,66,0,9.13,clear sky
559,Mosquera,CO,2021-10-24 22:00:50,4.7059,-74.2302,59.09,88,75,9.22,thunderstorm with rain
560,Muisne,EC,2021-10-24 21:58:58,0.6,-80.0333,77.05,82,92,10.36,overcast clouds
561,Fallon,US,2021-10-24 22:00:51,39.4735,-118.7774,59.92,91,100,27.02,moderate rain
562,Obo,CF,2021-10-24 22:00:51,5.3998,26.4869,71.19,89,35,2.89,scattered clouds
563,Novaya Lyalya,RU,2021-10-24 22:00:52,59.055,60.599,36.12,97,100,5.08,overcast clouds
564,Bowmore,US,2021-10-24 22:00:53,34.9421,-79.3031,79.75,53,78,5.77,broken clouds
565,Constantine,DZ,2021-10-24 21:57:03,36.365,6.6147,56.61,88,40,10.36,scattered clouds
566,Suntar,RU,2021-10-24 22:00:53,62.1444,117.6319,33.78,98,100,6.53,light rain
567,Esil,KZ,2021-10-24 22:00:54,51.9556,66.4042,46.06,48,97,14.27,overcast clouds
568,Teavaro,PF,2021-10-24 22:00:54,-17.5,-149.7667,76.48,88,75,11.5,moderate rain
569,Sioux Lookout,CA,2021-10-24 22:00:54,50.1001,-91.917,39.58,61,78,6.42,broken clouds
570,Tarancon,ES,2021-10-24 22:00:55,40.0085,-3.0073,58.5,36,0,1.61,clear sky
571,Labuan,MY,2021-10-24 22:00:55,5.2767,115.2417,77.16,83,100,10.4,overcast clouds
572,Cap Malheureux,MU,2021-10-24 21:57:25,-19.9842,57.6142,75.47,70,70,5.99,broken clouds
573,Inhambane,MZ,2021-10-24 22:00:56,-23.865,35.3833,72.93,90,100,4.09,light rain
574,Leningradskiy,RU,2021-10-24 22:00:56,69.3833,178.4167,8.08,91,100,6.71,overcast clouds
575,Konongo,GH,2021-10-24 22:00:57,6.6167,-1.2167,72.45,98,100,2.01,overcast clouds
576,Huntsville,US,2021-10-24 21:59:28,34.7304,-86.5861,73.53,64,1,1.01,clear sky
577,Buala,SB,2021-10-24 21:58:45,-8.145,159.5921,84.06,71,18,0.34,few clouds
578,Lagoa,PT,2021-10-24 21:58:09,39.05,-27.9833,66.09,74,18,9.98,few clouds
579,Touba,CI,2021-10-24 21:59:11,8.2833,-7.6833,72.28,92,100,2.89,light rain
580,Saint-Augustin,CA,2021-10-24 21:57:17,51.226,-58.6502,44.98,87,100,25.3,overcast clouds
581,Mahajanga,MG,2021-10-24 22:00:58,-15.7167,46.3167,75.22,88,40,3.44,scattered clouds
582,Tarbagatay,RU,2021-10-24 22:00:59,51.4803,107.3602,24.33,85,20,4.09,few clouds
583,Omboue,GA,2021-10-24 22:00:59,-1.5746,9.2618,77.38,86,95,5.91,overcast clouds
584,Zhoukou,CN,2021-10-24 22:01:00,33.6333,114.6333,52.81,64,83,2.93,light rain
585,Xuzhou,CN,2021-10-24 22:01:00,34.1805,117.1571,53.1,69,2,1.59,light rain
586,Norman Wells,CA,2021-10-24 22:01:00,65.282,-126.8329,23.04,93,90,4.61,overcast clouds
587,Hirado,JP,2021-10-24 22:01:01,33.3597,129.5531,60.15,55,100,1.79,overcast clouds
588,Izumo,JP,2021-10-24 22:01:02,35.3667,132.7667,49.89,87,75,8.05,broken clouds
589,Ruyigi,BI,2021-10-24 22:01:03,-3.45,30.3167,63.77,72,23,3.24,few clouds
590,Satipo,PE,2021-10-24 22:01:04,-11.2522,-74.6386,80.91,71,99,4.61,overcast clouds
591,Yeppoon,AU,2021-10-24 21:57:32,-23.1333,150.7333,76.78,64,42,1.72,scattered clouds
592,Gigmoto,PH,2021-10-24 22:01:04,13.7796,124.39,79.05,86,98,4.09,very heavy rain
593,Porto Novo,BJ,2021-10-24 21:58:20,6.4965,2.6036,80.42,83,45,4.76,scattered clouds
594,Mao,ES,2021-10-24 21:57:54,39.8885,4.2658,64.96,94,20,6.91,few clouds
595,Shimada,JP,2021-10-24 22:01:05,34.8167,138.1833,61.59,55,75,9.22,light rain
596,Bandarbeyla,SO,2021-10-24 22:01:06,9.4942,50.8122,78.21,75,18,5.41,few clouds
597,Birin,NP,2021-10-24 22:01:06,26.8865,88.0718,55.6,84,46,3.44,scattered clouds
598,Severo-Yeniseyskiy,RU,2021-10-24 21:57:38,60.3725,93.0408,32.5,91,100,12.01,light snow
599,Ponazyrevo,RU,2021-10-24 22:01:07,58.3578,46.3142,31.12,92,100,10.11,light snow
600,Chenzhou,CN,2021-10-24 22:01:07,25.8,113.0333,52.81,94,2,0.34,clear sky
601,Charleston,US,2021-10-24 21:59:26,32.7766,-79.9309,77.34,77,1,3.0,clear sky
602,Pokhara,NP,2021-10-24 21:59:16,28.2333,83.9833,59.97,64,0,6.53,clear sky
603,Filadelfia,US,2021-10-24 21:57:56,39.9523,-75.1638,61.27,70,87,1.01,overcast clouds
604,Tulsipur,NP,2021-10-24 22:01:08,28.131,82.2973,62.91,78,0,4.43,clear sky
605,Magadan,RU,2021-10-24 22:01:09,59.5667,150.8,26.74,72,100,6.11,overcast clouds
606,Tomaszow Mazowiecki,PL,2021-10-24 22:01:09,51.5313,20.0086,39.49,73,75,7.07,broken clouds
607,Karpogory,RU,2021-10-24 22:01:10,64.0019,44.4451,26.37,90,74,10.31,broken clouds
608,Taybad,IR,2021-10-24 22:01:10,34.74,60.7756,53.17,24,5,5.23,clear sky
609,Rio Gallegos,AR,2021-10-24 22:01:11,-51.6226,-69.2181,45.97,30,43,26.19,scattered clouds
610,Ewa Beach,US,2021-10-24 22:01:11,21.3156,-158.0072,83.08,61,75,11.99,broken clouds
611,Broome,US,2021-10-24 21:56:58,42.2506,-75.833,53.38,78,100,3.0,overcast clouds
612,Nelson Bay,AU,2021-10-24 22:01:12,-32.7167,152.15,68.29,70,22,1.99,few clouds
613,Westport,US,2021-10-24 22:01:00,41.1415,-73.3579,58.08,68,97,1.01,overcast clouds
614,Camacari,BR,2021-10-24 22:00:50,-12.6975,-38.3242,80.37,87,73,9.86,broken clouds
615,Gouyave,GD,2021-10-24 22:01:13,12.1646,-61.7296,81.3,76,98,19.8,overcast clouds
616,Weatherford,US,2021-10-24 22:01:13,32.7593,-97.7972,90.45,51,1,1.01,clear sky
617,Tabas,IR,2021-10-24 22:01:14,33.5959,56.9244,66.85,16,94,4.41,overcast clouds
618,Vega De Alatorre,MX,2021-10-24 22:01:14,20.0333,-96.6333,81.54,80,58,4.12,broken clouds
619,Gimli,CA,2021-10-24 22:01:15,50.6336,-96.9907,43.05,52,6,9.08,clear sky
620,El Salto,MX,2021-10-24 21:59:32,20.3333,-104.5,77.65,38,100,4.92,overcast clouds
621,Canto Do Buriti,BR,2021-10-24 22:01:15,-8.11,-42.9444,83.68,64,98,2.62,overcast clouds
622,Koplik,AL,2021-10-24 22:01:16,42.2136,19.4364,51.4,54,7,6.44,clear sky
623,Horqueta,PY,2021-10-24 22:01:16,-23.3428,-57.0597,68.79,62,0,4.23,clear sky
624,Behshahr,IR,2021-10-24 21:58:15,36.6923,53.5526,53.55,57,5,3.02,clear sky
625,Elliot Lake,CA,2021-10-24 22:01:17,46.3834,-82.6331,39.09,77,89,6.26,overcast clouds
626,North Platte,US,2021-10-24 22:01:18,41.1239,-100.7654,61.0,52,30,8.01,scattered clouds
627,Lahij,YE,2021-10-24 21:57:44,13.1667,44.5833,77.5,66,8,4.38,clear sky
628,Pekalongan,ID,2021-10-24 22:01:18,-6.8886,109.6753,81.01,82,48,4.7,scattered clouds
629,Nishihara,JP,2021-10-24 21:59:13,26.1842,127.7558,74.48,73,20,10.36,few clouds
630,Cartagena,CO,2021-10-24 21:57:53,10.3997,-75.5144,85.62,74,75,6.91,broken clouds
631,Catalina,US,2021-10-24 22:01:19,32.5056,-110.9211,86.11,27,8,1.01,clear sky
632,Kushmurun,KZ,2021-10-24 22:01:19,52.4503,64.6311,46.54,43,99,12.03,overcast clouds
633,Tacuarembo,UY,2021-10-24 22:01:20,-31.7333,-55.9833,61.2,50,0,3.36,clear sky
634,Biled,RO,2021-10-24 22:01:20,45.8864,20.9589,40.98,61,1,6.22,light rain
635,Snasa,NO,2021-10-24 22:01:21,64.2457,12.3778,39.15,100,100,3.78,light rain
636,Chernyshevskiy,RU,2021-10-24 22:01:21,63.0128,112.4714,31.84,98,100,6.87,overcast clouds
637,Laguna,US,2021-10-24 21:59:12,38.421,-121.4238,63.27,94,90,4.0,mist
638,Beringovskiy,RU,2021-10-24 22:01:22,63.05,179.3167,9.45,83,44,7.0,scattered clouds
639,Lungi,SL,2021-10-24 22:01:22,9.2212,-12.6831,74.98,97,95,4.21,light rain
640,Blythe,US,2021-10-24 22:01:23,33.6103,-114.5964,88.03,28,70,13.11,broken clouds
641,Nanyamba,TZ,2021-10-24 22:01:23,-10.6833,39.8333,70.39,99,20,3.29,few clouds
642,Loding,NO,2021-10-24 22:01:24,67.3,14.75,38.64,91,75,11.99,light rain
643,San Ignacio,BZ,2021-10-24 22:01:25,17.1561,-89.0714,85.3,75,89,4.99,overcast clouds
644,Porto Torres,IT,2021-10-24 22:01:26,40.835,8.3972,62.78,74,97,14.41,overcast clouds
645,Corowa,AU,2021-10-24 22:01:27,-36.0333,146.3833,53.29,70,0,4.63,clear sky
646,Lamar,US,2021-10-24 22:01:27,33.6668,-95.5836,84.24,67,83,14.03,broken clouds
647,Berea,US,2021-10-24 22:01:28,41.3662,-81.8543,56.16,95,100,7.49,overcast clouds
648,Ust-Kuyga,RU,2021-10-24 22:01:28,70.0167,135.6,3.29,98,100,2.24,overcast clouds
649,Atherton,GB,2021-10-24 22:01:28,53.5237,-2.4935,54.72,92,9,1.99,clear sky
650,Fort Nelson,CA,2021-10-24 22:01:29,58.8053,-122.7002,44.8,58,4,3.06,clear sky
651,Zhoucun,CN,2021-10-24 22:01:29,36.8167,117.8167,51.35,64,2,4.25,clear sky
652,Suluq,LY,2021-10-24 22:01:30,31.6682,20.2521,77.59,29,94,15.46,overcast clouds
653,Ust-Nera,RU,2021-10-24 22:01:30,64.5667,143.2,7.45,97,96,6.17,overcast clouds
654,Bontang,ID,2021-10-24 22:01:31,0.1333,117.5,76.51,90,100,5.59,overcast clouds
655,Cacoal,BR,2021-10-24 22:01:31,-11.4386,-61.4472,75.69,91,67,6.38,heavy intensity rain
656,Manaure,CO,2021-10-24 22:01:32,11.7751,-72.4445,88.03,58,38,18.97,scattered clouds
657,Verkhnevilyuysk,RU,2021-10-24 22:01:32,63.4453,120.3167,32.76,98,100,4.94,light snow
658,Alba,PL,2021-10-24 22:01:33,52.0324,23.1165,38.64,69,81,5.84,broken clouds
659,Hovd,MN,2021-10-24 22:01:33,48.0056,91.6419,32.67,33,3,2.26,clear sky
660,Presidencia Roque Saenz Pena,AR,2021-10-24 22:01:34,-26.7852,-60.4388,72.28,39,0,1.86,clear sky
661,Talara,PE,2021-10-24 22:01:34,-4.5772,-81.2719,66.54,82,29,16.62,scattered clouds
662,Jinchang,CN,2021-10-24 22:01:35,38.4953,102.1739,46.78,45,96,4.59,overcast clouds
663,Pangnirtung,CA,2021-10-24 22:00:00,66.1451,-65.7125,21.56,92,92,1.5,overcast clouds
664,Blois,FR,2021-10-24 22:01:36,47.5833,1.3333,45.18,51,17,6.69,few clouds
665,Tanhacu,BR,2021-10-24 22:01:36,-14.0214,-41.2481,74.34,89,100,5.66,overcast clouds
666,Xining,CN,2021-10-24 22:01:37,36.6167,101.7667,40.33,75,93,2.17,overcast clouds
667,Dudinka,RU,2021-10-24 21:59:11,69.4058,86.1778,24.48,97,100,5.55,light snow
668,Debre Zeyit,ET,2021-10-24 22:01:37,8.75,38.9833,55.06,50,6,5.19,clear sky
669,Praya,CV,2021-10-24 22:01:38,14.9215,-23.5087,77.54,78,20,19.57,few clouds
670,Wawa,NG,2021-10-24 22:01:38,9.9022,4.4192,79.25,71,35,4.12,scattered clouds
671,Hebron,PS,2021-10-24 22:01:39,31.5333,35.1,60.37,75,0,3.38,clear sky
672,Rosa Zarate,EC,2021-10-24 22:01:39,0.3333,-79.4667,78.58,80,100,5.03,light rain
673,Chase,CA,2021-10-24 21:56:46,50.8165,-119.6857,58.32,68,100,5.7,overcast clouds
674,Itaituba,BR,2021-10-24 22:01:40,-4.2761,-55.9836,82.71,66,79,2.01,broken clouds
675,Mahon,ES,2021-10-24 22:01:40,39.8885,4.2658,64.96,94,20,6.91,few clouds
676,Moron,AR,2021-10-24 22:01:41,-34.6534,-58.6198,73.92,29,0,4.9,clear sky
677,Belen,TR,2021-10-24 22:01:41,36.4891,36.2233,57.96,78,0,5.03,clear sky
678,Am Timan,TD,2021-10-24 22:01:41,11.0297,20.2827,80.67,55,56,2.44,broken clouds
679,Tommot,RU,2021-10-24 22:01:42,58.9564,126.2925,34.56,79,100,9.42,overcast clouds
680,Lubao,PH,2021-10-24 22:01:43,14.9167,120.55,77.14,85,87,4.16,overcast clouds
681,Vao,NC,2021-10-24 21:58:54,-22.6667,167.4833,70.57,70,12,13.29,few clouds
682,Jalu,LY,2021-10-24 22:01:43,29.0331,21.5482,74.35,31,5,11.41,clear sky
683,Hit,IQ,2021-10-24 22:01:44,33.6416,42.8251,69.58,22,0,8.28,clear sky
684,Altamira,BR,2021-10-24 22:01:14,-3.2033,-52.2064,80.01,71,67,2.06,broken clouds
685,Barkhan,PK,2021-10-24 22:01:44,29.8977,69.5256,58.46,67,22,9.33,few clouds
686,Khao Yoi,TH,2021-10-24 22:01:45,13.2403,99.8243,75.9,95,97,5.7,overcast clouds
687,Hilton Head Island,US,2021-10-24 22:01:45,32.2163,-80.7526,77.11,80,1,5.75,clear sky
688,Outjo,NA,2021-10-24 22:01:46,-20.1167,16.15,63.03,40,2,9.53,clear sky
689,Mackenzie,CA,2021-10-24 21:57:13,55.2999,-123.1698,41.22,81,1,8.05,clear sky
690,San Angelo,US,2021-10-24 21:59:12,31.4638,-100.437,92.1,24,0,1.99,clear sky
691,Marevo,RU,2021-10-24 22:01:46,57.3146,32.0804,29.82,90,37,3.62,scattered clouds
692,Tiarei,PF,2021-10-24 22:00:32,-17.5333,-149.3333,77.02,93,100,13.89,moderate rain
693,Egvekinot,RU,2021-10-24 22:01:47,66.3167,-179.1667,5.2,86,27,5.93,scattered clouds
694,Sabha,LY,2021-10-24 22:01:48,27.0377,14.4283,78.75,18,8,6.38,clear sky
695,Mahibadhoo,MV,2021-10-24 22:01:48,3.7833,72.9667,82.6,72,47,15.73,scattered clouds
696,Stephenville,US,2021-10-24 21:57:05,32.2207,-98.2023,89.69,43,1,5.75,clear sky
697,Vrangel,RU,2021-10-24 22:01:49,42.7297,133.0839,48.0,77,0,4.54,clear sky
698,Mondlo,ZA,2021-10-24 22:01:11,-27.983,30.7177,49.41,93,100,5.95,overcast clouds
699,Rawlins,US,2021-10-24 22:01:49,41.7911,-107.2387,54.03,48,1,19.57,clear sky
